000000: 60003ba2             bra.w    $3ba4
000004: 60003bbc             bra.w    $3bc2
000008: 60003be6             bra.w    $3bf0
00000c: 00000000             ori.b    #$0, d0
000010: 00000000             ori.b    #$0, d0
000014: 48e7fffe             movem.l  d0-d7/a0-a6, -(a7)
000018: 423900000062         clr.b    $62.l
00001e: 61000162             bsr.w    $182
000022: 610001f6             bsr.w    $21a
000026: 42a7                 clr.l    -(a7)
000028: 3f3c0020             move.w   #$20, -(a7)
00002c: 4e41                 trap     #$1
00002e: 5c8f                 addq.l   #$6, a7
000030: 23c0000031d8         move.l   d0, $31d8.l
000036: 6100032c             bsr.w    $364
00003a: 0c39003900000062     cmpi.b   #$39, $62.l
000042: 6600fff6             bne.w    $3a
000046: 610004da             bsr.w    $522
00004a: 2f39000031d8         move.l   $31d8.l, -(a7)
000050: 3f3c0020             move.w   #$20, -(a7)
000054: 4e41                 trap     #$1
000056: 5c8f                 addq.l   #$6, a7
000058: 61000202             bsr.w    $25c
00005c: 4cdf7fff             movem.l  (a7)+, d0-d7/a0-a6
000060: 4e75                 rts      
000062: 000008b8             ori.b    #$b8, d0
000066: 0006fa09             ori.b    #$9, d6
00006a: 48e70304             movem.l  d6-d7/a5, -(a7)
00006e: 1c38fc04             move.b   $fc04.w, d6
000072: 08060007             btst.b   #$7, d6
000076: 66000016             bne.w    $8e
00007a: 13f8fc0200000062     move.b   $fc02.w, $62.l
000082: 4cdf20c0             movem.l  (a7)+, d6-d7/a5
000086: 08f80006fa09         bset.b   #$6, $fa09.w
00008c: 4e73                 rte      
00008e: 1c38fc06             move.b   $fc06.w, d6
000092: 024600ff             andi.w   #$ff, d6
000096: bc7c00f0             cmp.w    #$f0, d6
00009a: 6e00ffe6             bgt.w    $82
00009e: 4bf900000100         lea.l    $100.l, a5
0000a4: 1e3900000180         move.b   $180.l, d7
0000aa: 4887                 ext.w    d7
0000ac: 1b867000             move.b   d6, (a5, d7.w)
0000b0: 5247                 addq.w   #$1, d7
0000b2: 0247007f             andi.w   #$7f, d7
0000b6: 13c700000180         move.b   d7, $180.l
0000bc: 6000ffc4             bra.w    $82
0000c0: 48e70104             movem.l  d7/a5, -(a7)
0000c4: 1e3900000181         move.b   $181.l, d7
0000ca: be3900000180         cmp.b    $180.l, d7
0000d0: 67000024             beq.w    $f6
0000d4: 4887                 ext.w    d7
0000d6: 4bf900000100         lea.l    $100.l, a5
0000dc: 1c357000             move.b   (a5, d7.w), d6
0000e0: 5207                 addq.b   #$1, d7
0000e2: 0247007f             andi.w   #$7f, d7
0000e6: 13c700000181         move.b   d7, $181.l
0000ec: 024600ff             andi.w   #$ff, d6
0000f0: 4cdf2080             movem.l  (a7)+, d7/a5
0000f4: 4e75                 rts      
0000f6: 4cdf2080             movem.l  (a7)+, d7/a5
0000fa: 3c3cffff             move.w   #$ffff, d6
0000fe: 4e75                 rts      
000100: 00000000             ori.b    #$0, d0
000104: 00000000             ori.b    #$0, d0
000108: 00000000             ori.b    #$0, d0
00010c: 00000000             ori.b    #$0, d0
000110: 00000000             ori.b    #$0, d0
000114: 00000000             ori.b    #$0, d0
000118: 00000000             ori.b    #$0, d0
00011c: 00000000             ori.b    #$0, d0
000120: 00000000             ori.b    #$0, d0
000124: 00000000             ori.b    #$0, d0
000128: 00000000             ori.b    #$0, d0
00012c: 00000000             ori.b    #$0, d0
000130: 00000000             ori.b    #$0, d0
000134: 00000000             ori.b    #$0, d0
000138: 00000000             ori.b    #$0, d0
00013c: 00000000             ori.b    #$0, d0
000140: 00000000             ori.b    #$0, d0
000144: 00000000             ori.b    #$0, d0
000148: 00000000             ori.b    #$0, d0
00014c: 00000000             ori.b    #$0, d0
000150: 00000000             ori.b    #$0, d0
000154: 00000000             ori.b    #$0, d0
000158: 00000000             ori.b    #$0, d0
00015c: 00000000             ori.b    #$0, d0
000160: 00000000             ori.b    #$0, d0
000164: 00000000             ori.b    #$0, d0
000168: 00000000             ori.b    #$0, d0
00016c: 00000000             ori.b    #$0, d0
000170: 00000000             ori.b    #$0, d0
000174: 00000000             ori.b    #$0, d0
000178: 00000000             ori.b    #$0, d0
00017c: 00000000             ori.b    #$0, d0
000180: 000049f9             ori.b    #$f9, d0
000184: 000032f4             ori.b    #$f4, d0
000188: 61000022             bsr.w    $1ac
00018c: 49f9000032f8         lea.l    $32f8.l, a4
000192: 61000018             bsr.w    $1ac
000196: 49f9000032fc         lea.l    $32fc.l, a4
00019c: 6100000e             bsr.w    $1ac
0001a0: 49f900003300         lea.l    $3300.l, a4
0001a6: 61000004             bsr.w    $1ac
0001aa: 4e75                 rts      
0001ac: 397c00520040         move.w   #$52, $40(a4)
0001b2: 397c00010070         move.w   #$1, $70(a4)
0001b8: 206c00a0             movea.l  $a0(a4), a0
0001bc: 7000                 moveq    #$0, d0
0001be: 60000010             bra.w    $1d0
0001c2: 0c500050             cmpi.w   #$50, (a0)
0001c6: 66000004             bne.w    $1cc
0001ca: 5240                 addq.w   #$1, d0
0001cc: 61000186             bsr.w    $354
0001d0: 0c500046             cmpi.w   #$46, (a0)
0001d4: 6600ffec             bne.w    $1c2
0001d8: 4a40                 tst.w    d0
0001da: 6700000a             beq.w    $1e6
0001de: 296c00a00080         move.l   $a0(a4), $80(a4)
0001e4: 4e75                 rts      
0001e6: 297c000001f800a0     move.l   #$1f8, $a0(a4)
0001ee: 297c000001f80080     move.l   #$1f8, $80(a4)
0001f6: 4e75                 rts      
0001f8: 00522710             ori.w    #$2710, (a2)
0001fc: 00000000             ori.b    #$0, d0
000200: 00000000             ori.b    #$0, d0
000204: 00460000             ori.w    #$0, d6
000208: 00000000             ori.b    #$0, d0
00020c: 00000000             ori.b    #$0, d0
000210: 00000000             ori.b    #$0, d0
000214: 00000000             ori.b    #$0, d0
000218: 000043f9             ori.b    #$f9, d0
00021c: 000002b0             ori.b    #$b0, d0
000220: 207900003394         movea.l  $3394.l, a0
000226: 61000090             bsr.w    $2b8
00022a: 43f9000002b2         lea.l    $2b2.l, a1
000230: 207900003398         movea.l  $3398.l, a0
000236: 61000080             bsr.w    $2b8
00023a: 43f9000002b4         lea.l    $2b4.l, a1
000240: 20790000339c         movea.l  $339c.l, a0
000246: 61000070             bsr.w    $2b8
00024a: 43f9000002b6         lea.l    $2b6.l, a1
000250: 2079000033a0         movea.l  $33a0.l, a0
000256: 61000060             bsr.w    $2b8
00025a: 4e75                 rts      
00025c: 7000                 moveq    #$0, d0
00025e: 3039000002b0         move.w   $2b0.l, d0
000264: 6700000c             beq.w    $272
000268: 227900003394         movea.l  $3394.l, a1
00026e: 6100009c             bsr.w    $30c
000272: 3039000002b2         move.w   $2b2.l, d0
000278: 6700000c             beq.w    $286
00027c: 227900003398         movea.l  $3398.l, a1
000282: 61000088             bsr.w    $30c
000286: 3039000002b4         move.w   $2b4.l, d0
00028c: 6700000c             beq.w    $29a
000290: 22790000339c         movea.l  $339c.l, a1
000296: 61000074             bsr.w    $30c
00029a: 3039000002b6         move.w   $2b6.l, d0
0002a0: 6700000c             beq.w    $2ae
0002a4: 2279000033a0         movea.l  $33a0.l, a1
0002aa: 61000060             bsr.w    $30c
0002ae: 4e75                 rts      
0002b0: 00000000             ori.b    #$0, d0
0002b4: 00000000             ori.b    #$0, d0
0002b8: 4251                 clr.w    (a1)
0002ba: 7000                 moveq    #$0, d0
0002bc: 2c48                 movea.l  a0, a6
0002be: 0c500046             cmpi.w   #$46, (a0)
0002c2: 67000046             beq.w    $30a
0002c6: 0c50006c             cmpi.w   #$6c, (a0)
0002ca: 66000004             bne.w    $2d0
0002ce: 5240                 addq.w   #$1, d0
0002d0: 0c50004c             cmpi.w   #$4c, (a0)
0002d4: 6600002c             bne.w    $302
0002d8: 5340                 subq.w   #$1, d0
0002da: 6a000026             bpl.w    $302
0002de: 48e780c0             movem.l  d0/a0-a1, -(a7)
0002e2: 224e                 movea.l  a6, a1
0002e4: 203c0000000c         move.l   #$c, d0
0002ea: 61000042             bsr.w    $32e
0002ee: 3cbc006c             move.w   #$6c, (a6)
0002f2: 4cdf0301             movem.l  (a7)+, d0/a0-a1
0002f6: d1fc0000000c         adda.l   #$c, a0
0002fc: 0651000c             addi.w   #$c, (a1)
000300: 5240                 addq.w   #$1, d0
000302: 61000050             bsr.w    $354
000306: 6000ffb6             bra.w    $2be
00030a: 4e75                 rts      
00030c: 2049                 movea.l  a1, a0
00030e: 60000006             bra.w    $316
000312: 61000040             bsr.w    $354
000316: 0c500046             cmpi.w   #$46, (a0)
00031a: 6600fff6             bne.w    $312
00031e: 5488                 addq.l   #$2, a0
000320: 2449                 movea.l  a1, a2
000322: d3c0                 adda.l   d0, a1
000324: 34d9                 move.w   (a1)+, (a2)+
000326: b3c8                 cmpa.l   a0, a1
000328: 6600fffa             bne.w    $324
00032c: 4e75                 rts      
00032e: 2049                 movea.l  a1, a0
000330: 60000006             bra.w    $338
000334: 6100001e             bsr.w    $354
000338: 0c500046             cmpi.w   #$46, (a0)
00033c: 6600fff6             bne.w    $334
000340: d1fc00000002         adda.l   #$2, a0
000346: 2448                 movea.l  a0, a2
000348: d5c0                 adda.l   d0, a2
00034a: 3520                 move.w   -(a0), -(a2)
00034c: b3c8                 cmpa.l   a0, a1
00034e: 6600fffa             bne.w    $34a
000352: 4e75                 rts      
000354: 0c500046             cmpi.w   #$46, (a0)
000358: 67000008             beq.w    $362
00035c: d1fc0000000c         adda.l   #$c, a0
000362: 4e75                 rts      
000364: 41f9000032f4         lea.l    $32f4.l, a0
00036a: 20fcff000000         move.l   #$ff000000, (a0)+
000370: 20fcff000000         move.l   #$ff000000, (a0)+
000376: 20fcff000000         move.l   #$ff000000, (a0)+
00037c: 20fcff000000         move.l   #$ff000000, (a0)+
000382: 4298                 clr.l    (a0)+
000384: 4298                 clr.l    (a0)+
000386: 4298                 clr.l    (a0)+
000388: 4298                 clr.l    (a0)+
00038a: 23fc0100000000003324 move.l   #$1000000, $3324.l
000394: 23fc0100000000003384 move.l   #$1000000, $3384.l
00039e: 23fc0100000000003328 move.l   #$1000000, $3328.l
0003a8: 23fc0100000000003388 move.l   #$1000000, $3388.l
0003b2: 23fc010000000000332c move.l   #$1000000, $332c.l
0003bc: 23fc010000000000338c move.l   #$1000000, $338c.l
0003c6: 23fc0100000000003330 move.l   #$1000000, $3330.l
0003d0: 23fc0100000000003390 move.l   #$1000000, $3390.l
0003da: 23fc000036e4000033a4 move.l   #$36e4, $33a4.l
0003e4: 23fc00003878000033a8 move.l   #$3878, $33a8.l
0003ee: 23fc00003a0c000033ac move.l   #$3a0c, $33ac.l
0003f8: 23fc00003ba0000033b0 move.l   #$3ba0, $33b0.l
000402: 13fc0007ffff8800     move.b   #$7, $ffff8800.l
00040a: 103c00c0             move.b   #$c0, d0
00040e: c039ffff8800         and.b    $ffff8800.l, d0
000414: 00000038             ori.b    #$38, d0
000418: 13c0ffff8802         move.b   d0, $ffff8802.l
00041e: 13fc0000ffff8800     move.b   #$0, $ffff8800.l
000426: 4239ffff8802         clr.b    $ffff8802.l
00042c: 13fc0001ffff8800     move.b   #$1, $ffff8800.l
000434: 4239ffff8802         clr.b    $ffff8802.l
00043a: 13fc0002ffff8800     move.b   #$2, $ffff8800.l
000442: 4239ffff8802         clr.b    $ffff8802.l
000448: 13fc0003ffff8800     move.b   #$3, $ffff8800.l
000450: 4239ffff8802         clr.b    $ffff8802.l
000456: 13fc0004ffff8800     move.b   #$4, $ffff8800.l
00045e: 4239ffff8802         clr.b    $ffff8802.l
000464: 13fc0005ffff8800     move.b   #$5, $ffff8800.l
00046c: 4239ffff8802         clr.b    $ffff8802.l
000472: 46fc2700             move.w   #$2700, sr
000476: 23f90000011400000514 move.l   $114.l, $514.l
000480: 23fc00002ed800000114 move.l   #$2ed8, $114.l
00048a: 23f90000011800000510 move.l   $118.l, $510.l
000494: 23fc0000006400000118 move.l   #$64, $118.l
00049e: 23f90000051800000134 move.l   $518.l, $134.l
0004a8: 08b90003fffffa17     bclr.b   #$3, $fffffa17.l
0004b0: 61002c70             bsr.w    $3122
0004b4: 61002cfc             bsr.w    $31b2
0004b8: 13f90000052000fffa1f move.b   $520.l, $fffa1f.l
0004c2: 13fc000100fffa19     move.b   #$1, $fffa19.l
0004ca: 203cff000000         move.l   #$ff000000, d0
0004d0: 223cff000000         move.l   #$ff000000, d1
0004d6: 243cff000000         move.l   #$ff000000, d2
0004dc: 263cff000000         move.l   #$ff000000, d3
0004e2: 41f9000032f4         lea.l    $32f4.l, a0
0004e8: 43f9000032f4         lea.l    $32f4.l, a1
0004ee: 45f9000032f4         lea.l    $32f4.l, a2
0004f4: 47f9000032f4         lea.l    $32f4.l, a3
0004fa: 7800                 moveq    #$0, d4
0004fc: 7a00                 moveq    #$0, d5
0004fe: 28790000051c         movea.l  $51c.l, a4
000504: 42b9000031d4         clr.l    $31d4.l
00050a: 46fc2500             move.w   #$2500, sr
00050e: 4e75                 rts      
000510: 00000000             ori.b    #$0, d0
000514: 00000000             ori.b    #$0, d0
000518: 00000dda             ori.b    #$da, d0
00051c: ffff                 dc.w     $ffff
00051e: 8800                 or.b     d0, d4
000520: 2c00                 move.l   d0, d6
000522: 13fc0007ffff8800     move.b   #$7, $ffff8800.l
00052a: 103c0007             move.b   #$7, d0
00052e: 8039ffff8800         or.b     $ffff8800.l, d0
000534: 13c0ffff8802         move.b   d0, $ffff8802.l
00053a: 46fc2700             move.w   #$2700, sr
00053e: 13fc000effff8800     move.b   #$e, $ffff8800.l
000546: 13fc0006ffff8802     move.b   #$6, $ffff8802.l
00054e: 23f90000013400000518 move.l   $134.l, $518.l
000558: 23cc0000051c         move.l   a4, $51c.l
00055e: 23f90000051000000118 move.l   $510.l, $118.l
000568: 23f90000051400000114 move.l   $514.l, $114.l
000572: 61002bf6             bsr.w    $316a
000576: 08f90003fffffa17     bset.b   #$3, $fffffa17.l
00057e: 46fc2300             move.w   #$2300, sr
000582: 4e75                 rts      
000584: 00004840             ori.b    #$40, d0
000588: 4841                 swap     d1
00058a: 4842                 swap     d2
00058c: 4843                 swap     d3
00058e: 7800                 moveq    #$0, d4
000590: 1a300000             move.b   (a0, d0.w), d5
000594: 18311000             move.b   (a1, d1.w), d4
000598: da44                 add.w    d4, d5
00059a: 18322000             move.b   (a2, d2.w), d4
00059e: da44                 add.w    d4, d5
0005a0: 18333000             move.b   (a3, d3.w), d4
0005a4: da44                 add.w    d4, d5
0005a6: 4840                 swap     d0
0005a8: 4841                 swap     d1
0005aa: 4842                 swap     d2
0005ac: 4843                 swap     d3
0005ae: da45                 add.w    d5, d5
0005b0: 383b5028             move.w   $5da(pc, d5.w), d4
0005b4: 1a344000             move.b   (a4, d4.w), d5
0005b8: 7a00                 moveq    #$0, d5
0005ba: d0ba2d48             add.l    $3304(pc), d0
0005be: db45                 addx.w   d5, d5
0005c0: d2ba2d46             add.l    $3308(pc), d1
0005c4: db45                 addx.w   d5, d5
0005c6: d4ba2d44             add.l    $330c(pc), d2
0005ca: db45                 addx.w   d5, d5
0005cc: d6ba2d42             add.l    $3310(pc), d3
0005d0: db45                 addx.w   d5, d5
0005d2: 4a45                 tst.w    d5
0005d4: 66002860             bne.w    $2e36
0005d8: 4e73                 rte      
0005da: 00000000             ori.b    #$0, d0
0005de: 00000000             ori.b    #$0, d0
0005e2: 00000000             ori.b    #$0, d0
0005e6: 00000000             ori.b    #$0, d0
0005ea: 00000000             ori.b    #$0, d0
0005ee: 00000000             ori.b    #$0, d0
0005f2: 00000000             ori.b    #$0, d0
0005f6: 00000000             ori.b    #$0, d0
0005fa: 00000000             ori.b    #$0, d0
0005fe: 00000000             ori.b    #$0, d0
000602: 00000000             ori.b    #$0, d0
000606: 00000000             ori.b    #$0, d0
00060a: 00000000             ori.b    #$0, d0
00060e: 00000000             ori.b    #$0, d0
000612: 00000000             ori.b    #$0, d0
000616: 00000000             ori.b    #$0, d0
00061a: 00000000             ori.b    #$0, d0
00061e: 00000000             ori.b    #$0, d0
000622: 00000000             ori.b    #$0, d0
000626: 00000000             ori.b    #$0, d0
00062a: 00000000             ori.b    #$0, d0
00062e: 00000000             ori.b    #$0, d0
000632: 00000000             ori.b    #$0, d0
000636: 00000000             ori.b    #$0, d0
00063a: 00000000             ori.b    #$0, d0
00063e: 00000000             ori.b    #$0, d0
000642: 00000000             ori.b    #$0, d0
000646: 00000000             ori.b    #$0, d0
00064a: 00000000             ori.b    #$0, d0
00064e: 00000000             ori.b    #$0, d0
000652: 00000000             ori.b    #$0, d0
000656: 00000000             ori.b    #$0, d0
00065a: 00000000             ori.b    #$0, d0
00065e: 00000000             ori.b    #$0, d0
000662: 00000000             ori.b    #$0, d0
000666: 00000000             ori.b    #$0, d0
00066a: 00000000             ori.b    #$0, d0
00066e: 00000000             ori.b    #$0, d0
000672: 00000000             ori.b    #$0, d0
000676: 00000000             ori.b    #$0, d0
00067a: 00000000             ori.b    #$0, d0
00067e: 00000000             ori.b    #$0, d0
000682: 00000000             ori.b    #$0, d0
000686: 00000000             ori.b    #$0, d0
00068a: 00000000             ori.b    #$0, d0
00068e: 00000000             ori.b    #$0, d0
000692: 00000000             ori.b    #$0, d0
000696: 00000000             ori.b    #$0, d0
00069a: 00000000             ori.b    #$0, d0
00069e: 00000000             ori.b    #$0, d0
0006a2: 00000000             ori.b    #$0, d0
0006a6: 00000000             ori.b    #$0, d0
0006aa: 00000000             ori.b    #$0, d0
0006ae: 00000000             ori.b    #$0, d0
0006b2: 00000000             ori.b    #$0, d0
0006b6: 00000000             ori.b    #$0, d0
0006ba: 00000000             ori.b    #$0, d0
0006be: 00000000             ori.b    #$0, d0
0006c2: 00000000             ori.b    #$0, d0
0006c6: 00000000             ori.b    #$0, d0
0006ca: 00000000             ori.b    #$0, d0
0006ce: 00000000             ori.b    #$0, d0
0006d2: 00000000             ori.b    #$0, d0
0006d6: 00000000             ori.b    #$0, d0
0006da: 00000000             ori.b    #$0, d0
0006de: 00000000             ori.b    #$0, d0
0006e2: 00000000             ori.b    #$0, d0
0006e6: 00000000             ori.b    #$0, d0
0006ea: 00000000             ori.b    #$0, d0
0006ee: 00000000             ori.b    #$0, d0
0006f2: 00000000             ori.b    #$0, d0
0006f6: 00000000             ori.b    #$0, d0
0006fa: 00000000             ori.b    #$0, d0
0006fe: 00000000             ori.b    #$0, d0
000702: 00000000             ori.b    #$0, d0
000706: 00000000             ori.b    #$0, d0
00070a: 00000000             ori.b    #$0, d0
00070e: 00000000             ori.b    #$0, d0
000712: 00000000             ori.b    #$0, d0
000716: 00000000             ori.b    #$0, d0
00071a: 00000000             ori.b    #$0, d0
00071e: 00000000             ori.b    #$0, d0
000722: 00000000             ori.b    #$0, d0
000726: 00000000             ori.b    #$0, d0
00072a: 00000000             ori.b    #$0, d0
00072e: 00000000             ori.b    #$0, d0
000732: 00000000             ori.b    #$0, d0
000736: 00000000             ori.b    #$0, d0
00073a: 00000000             ori.b    #$0, d0
00073e: 00000000             ori.b    #$0, d0
000742: 00000000             ori.b    #$0, d0
000746: 00000000             ori.b    #$0, d0
00074a: 00000000             ori.b    #$0, d0
00074e: 00000000             ori.b    #$0, d0
000752: 00000000             ori.b    #$0, d0
000756: 00000000             ori.b    #$0, d0
00075a: 00000000             ori.b    #$0, d0
00075e: 00000000             ori.b    #$0, d0
000762: 00000000             ori.b    #$0, d0
000766: 00000000             ori.b    #$0, d0
00076a: 00000000             ori.b    #$0, d0
00076e: 00000000             ori.b    #$0, d0
000772: 00000000             ori.b    #$0, d0
000776: 00000000             ori.b    #$0, d0
00077a: 00000000             ori.b    #$0, d0
00077e: 00000000             ori.b    #$0, d0
000782: 00000000             ori.b    #$0, d0
000786: 00000000             ori.b    #$0, d0
00078a: 00000000             ori.b    #$0, d0
00078e: 00000000             ori.b    #$0, d0
000792: 00000000             ori.b    #$0, d0
000796: 00000000             ori.b    #$0, d0
00079a: 00000000             ori.b    #$0, d0
00079e: 00000000             ori.b    #$0, d0
0007a2: 00000000             ori.b    #$0, d0
0007a6: 00000000             ori.b    #$0, d0
0007aa: 00000000             ori.b    #$0, d0
0007ae: 00000000             ori.b    #$0, d0
0007b2: 00000000             ori.b    #$0, d0
0007b6: 00000000             ori.b    #$0, d0
0007ba: 00000000             ori.b    #$0, d0
0007be: 00000000             ori.b    #$0, d0
0007c2: 00000000             ori.b    #$0, d0
0007c6: 00000000             ori.b    #$0, d0
0007ca: 00000000             ori.b    #$0, d0
0007ce: 00000000             ori.b    #$0, d0
0007d2: 00000000             ori.b    #$0, d0
0007d6: 00000000             ori.b    #$0, d0
0007da: 00000000             ori.b    #$0, d0
0007de: 00000000             ori.b    #$0, d0
0007e2: 00000000             ori.b    #$0, d0
0007e6: 00000000             ori.b    #$0, d0
0007ea: 00000000             ori.b    #$0, d0
0007ee: 00000000             ori.b    #$0, d0
0007f2: 00000000             ori.b    #$0, d0
0007f6: 00000000             ori.b    #$0, d0
0007fa: 00000000             ori.b    #$0, d0
0007fe: 00000000             ori.b    #$0, d0
000802: 00000000             ori.b    #$0, d0
000806: 00000000             ori.b    #$0, d0
00080a: 00000000             ori.b    #$0, d0
00080e: 00000000             ori.b    #$0, d0
000812: 00000000             ori.b    #$0, d0
000816: 00000000             ori.b    #$0, d0
00081a: 00000000             ori.b    #$0, d0
00081e: 00000000             ori.b    #$0, d0
000822: 00000000             ori.b    #$0, d0
000826: 00000000             ori.b    #$0, d0
00082a: 00000000             ori.b    #$0, d0
00082e: 00000000             ori.b    #$0, d0
000832: 00000000             ori.b    #$0, d0
000836: 00000000             ori.b    #$0, d0
00083a: 00000000             ori.b    #$0, d0
00083e: 00000000             ori.b    #$0, d0
000842: 00000000             ori.b    #$0, d0
000846: 00000000             ori.b    #$0, d0
00084a: 00000000             ori.b    #$0, d0
00084e: 00000000             ori.b    #$0, d0
000852: 00000000             ori.b    #$0, d0
000856: 00000000             ori.b    #$0, d0
00085a: 00000000             ori.b    #$0, d0
00085e: 00000000             ori.b    #$0, d0
000862: 00000000             ori.b    #$0, d0
000866: 00000000             ori.b    #$0, d0
00086a: 00000000             ori.b    #$0, d0
00086e: 00000000             ori.b    #$0, d0
000872: 00000000             ori.b    #$0, d0
000876: 00000000             ori.b    #$0, d0
00087a: 00000000             ori.b    #$0, d0
00087e: 00000000             ori.b    #$0, d0
000882: 00000000             ori.b    #$0, d0
000886: 00000000             ori.b    #$0, d0
00088a: 00000000             ori.b    #$0, d0
00088e: 00000000             ori.b    #$0, d0
000892: 00000000             ori.b    #$0, d0
000896: 00000000             ori.b    #$0, d0
00089a: 00000000             ori.b    #$0, d0
00089e: 00000000             ori.b    #$0, d0
0008a2: 00000000             ori.b    #$0, d0
0008a6: 00000000             ori.b    #$0, d0
0008aa: 00000000             ori.b    #$0, d0
0008ae: 00000000             ori.b    #$0, d0
0008b2: 00000000             ori.b    #$0, d0
0008b6: 00000000             ori.b    #$0, d0
0008ba: 00000000             ori.b    #$0, d0
0008be: 00000000             ori.b    #$0, d0
0008c2: 00000000             ori.b    #$0, d0
0008c6: 00000000             ori.b    #$0, d0
0008ca: 00000000             ori.b    #$0, d0
0008ce: 00000000             ori.b    #$0, d0
0008d2: 00000000             ori.b    #$0, d0
0008d6: 00000000             ori.b    #$0, d0
0008da: 00000002             ori.b    #$2, d0
0008de: 00040006             ori.b    #$6, d4
0008e2: 0008                 .byte    0x00, 0x08
0008e4: 000a                 .byte    0x00, 0x0a
0008e6: 000c                 .byte    0x00, 0x0c
0008e8: 000e                 .byte    0x00, 0x0e
0008ea: 00100012             ori.b    #$12, (a0)
0008ee: 00140016             ori.b    #$16, (a4)
0008f2: 0018001a             ori.b    #$1a, (a0)+
0008f6: 001c001e             ori.b    #$1e, (a4)+
0008fa: 00200022             ori.b    #$22, -(a0)
0008fe: 00240026             ori.b    #$26, -(a4)
000902: 0028002a002c         ori.b    #$2a, $2c(a0)
000908: 002e00300032         ori.b    #$30, $32(a6)
00090e: 003400360038         ori.b    #$36, $38(a4, d0.w)
000914: 003a                 .byte    0x00, 0x3a
000916: 003c003e             ori.b    #$3e, ccr
00091a: 00400042             ori.w    #$42, d0
00091e: 00440046             ori.w    #$46, d4
000922: 0048                 .byte    0x00, 0x48
000924: 004a                 .byte    0x00, 0x4a
000926: 004c                 .byte    0x00, 0x4c
000928: 004e                 .byte    0x00, 0x4e
00092a: 00500052             ori.w    #$52, (a0)
00092e: 00540056             ori.w    #$56, (a4)
000932: 0058005a             ori.w    #$5a, (a0)+
000936: 005c005e             ori.w    #$5e, (a4)+
00093a: 00600062             ori.w    #$62, -(a0)
00093e: 00640066             ori.w    #$66, -(a4)
000942: 0068006a006c         ori.w    #$6a, $6c(a0)
000948: 006e00700072         ori.w    #$70, $72(a6)
00094e: 007400760078         ori.w    #$76, $78(a4, d0.w)
000954: 007a                 .byte    0x00, 0x7a
000956: 007c007e             ori.w    #$7e, sr
00095a: 008000820084         ori.l    #$820084, d0
000960: 00860088008a         ori.l    #$88008a, d6
000966: 008c                 .byte    0x00, 0x8c
000968: 008e                 .byte    0x00, 0x8e
00096a: 009000920094         ori.l    #$920094, (a0)
000970: 00960098009a         ori.l    #$98009a, (a6)
000976: 009c009e00a0         ori.l    #$9e00a0, (a4)+
00097c: 00a200a400a6         ori.l    #$a400a6, -(a2)
000982: 00a800aa00ac00ae     ori.l    #$aa00ac, $ae(a0)
00098a: 00b000b200b400b6     ori.l    #$b200b4, -$4a(a0, d0.w)
000992: 00b800ba00bc00be     ori.l    #$ba00bc, $be.w
00099a: 00c0                 .byte    0x00, 0xc0
00099c: 00c2                 .byte    0x00, 0xc2
00099e: 00c4                 .byte    0x00, 0xc4
0009a0: 00c6                 .byte    0x00, 0xc6
0009a2: 00c8                 .byte    0x00, 0xc8
0009a4: 00ca                 .byte    0x00, 0xca
0009a6: 00cc                 .byte    0x00, 0xcc
0009a8: 00ce                 .byte    0x00, 0xce
0009aa: 00d0                 .byte    0x00, 0xd0
0009ac: 00d2                 .byte    0x00, 0xd2
0009ae: 00d4                 .byte    0x00, 0xd4
0009b0: 00d6                 .byte    0x00, 0xd6
0009b2: 00d8                 .byte    0x00, 0xd8
0009b4: 00da                 .byte    0x00, 0xda
0009b6: 00dc                 .byte    0x00, 0xdc
0009b8: 00de                 .byte    0x00, 0xde
0009ba: 00e0                 .byte    0x00, 0xe0
0009bc: 00e2                 .byte    0x00, 0xe2
0009be: 00e4                 .byte    0x00, 0xe4
0009c0: 00e6                 .byte    0x00, 0xe6
0009c2: 00e8                 .byte    0x00, 0xe8
0009c4: 00ea                 .byte    0x00, 0xea
0009c6: 00ec                 .byte    0x00, 0xec
0009c8: 00ee                 .byte    0x00, 0xee
0009ca: 00f0                 .byte    0x00, 0xf0
0009cc: 00f2                 .byte    0x00, 0xf2
0009ce: 00f4                 .byte    0x00, 0xf4
0009d0: 00f6                 .byte    0x00, 0xf6
0009d2: 00f8                 .byte    0x00, 0xf8
0009d4: 00fa                 .byte    0x00, 0xfa
0009d6: 00fc                 .byte    0x00, 0xfc
0009d8: 00fe                 .byte    0x00, 0xfe
0009da: 0100                 btst.l   d0, d0
0009dc: 0102                 btst.l   d0, d2
0009de: 0104                 btst.l   d0, d4
0009e0: 0106                 btst.l   d0, d6
0009e2: 0108010a             movep.w  $10a(a0), d0
0009e6: 010c010e             movep.w  $10e(a4), d0
0009ea: 0110                 btst.l   d0, (a0)
0009ec: 0112                 btst.l   d0, (a2)
0009ee: 0114                 btst.l   d0, (a4)
0009f0: 0116                 btst.l   d0, (a6)
0009f2: 0118                 btst.l   d0, (a0)+
0009f4: 011a                 btst.l   d0, (a2)+
0009f6: 011c                 btst.l   d0, (a4)+
0009f8: 011e                 btst.l   d0, (a6)+
0009fa: 0120                 btst.l   d0, -(a0)
0009fc: 0122                 btst.l   d0, -(a2)
0009fe: 0124                 btst.l   d0, -(a4)
000a00: 0126                 btst.l   d0, -(a6)
000a02: 0128012a             btst.l   d0, $12a(a0)
000a06: 012c012e             btst.l   d0, $12e(a4)
000a0a: 01300132013401360138 btst.l   d0, ([$1340136, a0, d0.w], $138)
000a14: 013a013c             btst.l   d0, $b52(pc)
000a18: 013e                 .byte    0x01, 0x3e
000a1a: 0140                 bchg.b   d0, d0
000a1c: 0142                 bchg.b   d0, d2
000a1e: 0144                 bchg.b   d0, d4
000a20: 0146                 bchg.b   d0, d6
000a22: 0148014a             movep.l  $14a(a0), d0
000a26: 014c014e             movep.l  $14e(a4), d0
000a2a: 0150                 bchg.b   d0, (a0)
000a2c: 0152                 bchg.b   d0, (a2)
000a2e: 0154                 bchg.b   d0, (a4)
000a30: 0156                 bchg.b   d0, (a6)
000a32: 0158                 bchg.b   d0, (a0)+
000a34: 015a                 bchg.b   d0, (a2)+
000a36: 015c                 bchg.b   d0, (a4)+
000a38: 015e                 bchg.b   d0, (a6)+
000a3a: 0160                 bchg.b   d0, -(a0)
000a3c: 0162                 bchg.b   d0, -(a2)
000a3e: 0164                 bchg.b   d0, -(a4)
000a40: 0166                 bchg.b   d0, -(a6)
000a42: 0168016a             bchg.b   d0, $16a(a0)
000a46: 016c016e             bchg.b   d0, $16e(a4)
000a4a: 01700172017401760178 bchg.b   d0, ([$1740176, a0], $178)
000a54: 017a                 .byte    0x01, 0x7a
000a56: 017c                 .byte    0x01, 0x7c
000a58: 017e                 .byte    0x01, 0x7e
000a5a: 0180                 bclr.b   d0, d0
000a5c: 0182                 bclr.b   d0, d2
000a5e: 0184                 bclr.b   d0, d4
000a60: 0186                 bclr.b   d0, d6
000a62: 0188018a             movep.w  d0, $18a(a0)
000a66: 018c018e             movep.w  d0, $18e(a4)
000a6a: 0190                 bclr.b   d0, (a0)
000a6c: 0192                 bclr.b   d0, (a2)
000a6e: 0194                 bclr.b   d0, (a4)
000a70: 0196                 bclr.b   d0, (a6)
000a72: 0198                 bclr.b   d0, (a0)+
000a74: 019a                 bclr.b   d0, (a2)+
000a76: 019c                 bclr.b   d0, (a4)+
000a78: 019e                 bclr.b   d0, (a6)+
000a7a: 01a0                 bclr.b   d0, -(a0)
000a7c: 01a2                 bclr.b   d0, -(a2)
000a7e: 01a4                 bclr.b   d0, -(a4)
000a80: 01a6                 bclr.b   d0, -(a6)
000a82: 01a801aa             bclr.b   d0, $1aa(a0)
000a86: 01ac01ae             bclr.b   d0, $1ae(a4)
000a8a: 01b001b201b401b601b8 bclr.b   d0, ([$1b401b6, d0.w], $1b8)
000a94: 01ba                 .byte    0x01, 0xba
000a96: 01bc                 .byte    0x01, 0xbc
000a98: 01be                 .byte    0x01, 0xbe
000a9a: 01c0                 bset.b   d0, d0
000a9c: 01c2                 bset.b   d0, d2
000a9e: 01c4                 bset.b   d0, d4
000aa0: 01c6                 bset.b   d0, d6
000aa2: 01c801ca             movep.l  d0, $1ca(a0)
000aa6: 01cc01ce             movep.l  d0, $1ce(a4)
000aaa: 01d0                 bset.b   d0, (a0)
000aac: 01d2                 bset.b   d0, (a2)
000aae: 01d4                 bset.b   d0, (a4)
000ab0: 01d6                 bset.b   d0, (a6)
000ab2: 01d8                 bset.b   d0, (a0)+
000ab4: 01da                 bset.b   d0, (a2)+
000ab6: 01dc                 bset.b   d0, (a4)+
000ab8: 01de                 bset.b   d0, (a6)+
000aba: 01e0                 bset.b   d0, -(a0)
000abc: 01e2                 bset.b   d0, -(a2)
000abe: 01e4                 bset.b   d0, -(a4)
000ac0: 01e6                 bset.b   d0, -(a6)
000ac2: 01e801ea             bset.b   d0, $1ea(a0)
000ac6: 01ec01ee             bset.b   d0, $1ee(a4)
000aca: 01f001f201f401f601f8 bset.b   d0, ([$1f401f6], $1f8)
000ad4: 01fa                 .byte    0x01, 0xfa
000ad6: 01fc                 .byte    0x01, 0xfc
000ad8: 01fe                 .byte    0x01, 0xfe
000ada: 01fe                 .byte    0x01, 0xfe
000adc: 01fe                 .byte    0x01, 0xfe
000ade: 01fe                 .byte    0x01, 0xfe
000ae0: 01fe                 .byte    0x01, 0xfe
000ae2: 01fe                 .byte    0x01, 0xfe
000ae4: 01fe                 .byte    0x01, 0xfe
000ae6: 01fe                 .byte    0x01, 0xfe
000ae8: 01fe                 .byte    0x01, 0xfe
000aea: 01fe                 .byte    0x01, 0xfe
000aec: 01fe                 .byte    0x01, 0xfe
000aee: 01fe                 .byte    0x01, 0xfe
000af0: 01fe                 .byte    0x01, 0xfe
000af2: 01fe                 .byte    0x01, 0xfe
000af4: 01fe                 .byte    0x01, 0xfe
000af6: 01fe                 .byte    0x01, 0xfe
000af8: 01fe                 .byte    0x01, 0xfe
000afa: 01fe                 .byte    0x01, 0xfe
000afc: 01fe                 .byte    0x01, 0xfe
000afe: 01fe                 .byte    0x01, 0xfe
000b00: 01fe                 .byte    0x01, 0xfe
000b02: 01fe                 .byte    0x01, 0xfe
000b04: 01fe                 .byte    0x01, 0xfe
000b06: 01fe                 .byte    0x01, 0xfe
000b08: 01fe                 .byte    0x01, 0xfe
000b0a: 01fe                 .byte    0x01, 0xfe
000b0c: 01fe                 .byte    0x01, 0xfe
000b0e: 01fe                 .byte    0x01, 0xfe
000b10: 01fe                 .byte    0x01, 0xfe
000b12: 01fe                 .byte    0x01, 0xfe
000b14: 01fe                 .byte    0x01, 0xfe
000b16: 01fe                 .byte    0x01, 0xfe
000b18: 01fe                 .byte    0x01, 0xfe
000b1a: 01fe                 .byte    0x01, 0xfe
000b1c: 01fe                 .byte    0x01, 0xfe
000b1e: 01fe                 .byte    0x01, 0xfe
000b20: 01fe                 .byte    0x01, 0xfe
000b22: 01fe                 .byte    0x01, 0xfe
000b24: 01fe                 .byte    0x01, 0xfe
000b26: 01fe                 .byte    0x01, 0xfe
000b28: 01fe                 .byte    0x01, 0xfe
000b2a: 01fe                 .byte    0x01, 0xfe
000b2c: 01fe                 .byte    0x01, 0xfe
000b2e: 01fe                 .byte    0x01, 0xfe
000b30: 01fe                 .byte    0x01, 0xfe
000b32: 01fe                 .byte    0x01, 0xfe
000b34: 01fe                 .byte    0x01, 0xfe
000b36: 01fe                 .byte    0x01, 0xfe
000b38: 01fe                 .byte    0x01, 0xfe
000b3a: 01fe                 .byte    0x01, 0xfe
000b3c: 01fe                 .byte    0x01, 0xfe
000b3e: 01fe                 .byte    0x01, 0xfe
000b40: 01fe                 .byte    0x01, 0xfe
000b42: 01fe                 .byte    0x01, 0xfe
000b44: 01fe                 .byte    0x01, 0xfe
000b46: 01fe                 .byte    0x01, 0xfe
000b48: 01fe                 .byte    0x01, 0xfe
000b4a: 01fe                 .byte    0x01, 0xfe
000b4c: 01fe                 .byte    0x01, 0xfe
000b4e: 01fe                 .byte    0x01, 0xfe
000b50: 01fe                 .byte    0x01, 0xfe
000b52: 01fe                 .byte    0x01, 0xfe
000b54: 01fe                 .byte    0x01, 0xfe
000b56: 01fe                 .byte    0x01, 0xfe
000b58: 01fe                 .byte    0x01, 0xfe
000b5a: 01fe                 .byte    0x01, 0xfe
000b5c: 01fe                 .byte    0x01, 0xfe
000b5e: 01fe                 .byte    0x01, 0xfe
000b60: 01fe                 .byte    0x01, 0xfe
000b62: 01fe                 .byte    0x01, 0xfe
000b64: 01fe                 .byte    0x01, 0xfe
000b66: 01fe                 .byte    0x01, 0xfe
000b68: 01fe                 .byte    0x01, 0xfe
000b6a: 01fe                 .byte    0x01, 0xfe
000b6c: 01fe                 .byte    0x01, 0xfe
000b6e: 01fe                 .byte    0x01, 0xfe
000b70: 01fe                 .byte    0x01, 0xfe
000b72: 01fe                 .byte    0x01, 0xfe
000b74: 01fe                 .byte    0x01, 0xfe
000b76: 01fe                 .byte    0x01, 0xfe
000b78: 01fe                 .byte    0x01, 0xfe
000b7a: 01fe                 .byte    0x01, 0xfe
000b7c: 01fe                 .byte    0x01, 0xfe
000b7e: 01fe                 .byte    0x01, 0xfe
000b80: 01fe                 .byte    0x01, 0xfe
000b82: 01fe                 .byte    0x01, 0xfe
000b84: 01fe                 .byte    0x01, 0xfe
000b86: 01fe                 .byte    0x01, 0xfe
000b88: 01fe                 .byte    0x01, 0xfe
000b8a: 01fe                 .byte    0x01, 0xfe
000b8c: 01fe                 .byte    0x01, 0xfe
000b8e: 01fe                 .byte    0x01, 0xfe
000b90: 01fe                 .byte    0x01, 0xfe
000b92: 01fe                 .byte    0x01, 0xfe
000b94: 01fe                 .byte    0x01, 0xfe
000b96: 01fe                 .byte    0x01, 0xfe
000b98: 01fe                 .byte    0x01, 0xfe
000b9a: 01fe                 .byte    0x01, 0xfe
000b9c: 01fe                 .byte    0x01, 0xfe
000b9e: 01fe                 .byte    0x01, 0xfe
000ba0: 01fe                 .byte    0x01, 0xfe
000ba2: 01fe                 .byte    0x01, 0xfe
000ba4: 01fe                 .byte    0x01, 0xfe
000ba6: 01fe                 .byte    0x01, 0xfe
000ba8: 01fe                 .byte    0x01, 0xfe
000baa: 01fe                 .byte    0x01, 0xfe
000bac: 01fe                 .byte    0x01, 0xfe
000bae: 01fe                 .byte    0x01, 0xfe
000bb0: 01fe                 .byte    0x01, 0xfe
000bb2: 01fe                 .byte    0x01, 0xfe
000bb4: 01fe                 .byte    0x01, 0xfe
000bb6: 01fe                 .byte    0x01, 0xfe
000bb8: 01fe                 .byte    0x01, 0xfe
000bba: 01fe                 .byte    0x01, 0xfe
000bbc: 01fe                 .byte    0x01, 0xfe
000bbe: 01fe                 .byte    0x01, 0xfe
000bc0: 01fe                 .byte    0x01, 0xfe
000bc2: 01fe                 .byte    0x01, 0xfe
000bc4: 01fe                 .byte    0x01, 0xfe
000bc6: 01fe                 .byte    0x01, 0xfe
000bc8: 01fe                 .byte    0x01, 0xfe
000bca: 01fe                 .byte    0x01, 0xfe
000bcc: 01fe                 .byte    0x01, 0xfe
000bce: 01fe                 .byte    0x01, 0xfe
000bd0: 01fe                 .byte    0x01, 0xfe
000bd2: 01fe                 .byte    0x01, 0xfe
000bd4: 01fe                 .byte    0x01, 0xfe
000bd6: 01fe                 .byte    0x01, 0xfe
000bd8: 01fe                 .byte    0x01, 0xfe
000bda: 01fe                 .byte    0x01, 0xfe
000bdc: 01fe                 .byte    0x01, 0xfe
000bde: 01fe                 .byte    0x01, 0xfe
000be0: 01fe                 .byte    0x01, 0xfe
000be2: 01fe                 .byte    0x01, 0xfe
000be4: 01fe                 .byte    0x01, 0xfe
000be6: 01fe                 .byte    0x01, 0xfe
000be8: 01fe                 .byte    0x01, 0xfe
000bea: 01fe                 .byte    0x01, 0xfe
000bec: 01fe                 .byte    0x01, 0xfe
000bee: 01fe                 .byte    0x01, 0xfe
000bf0: 01fe                 .byte    0x01, 0xfe
000bf2: 01fe                 .byte    0x01, 0xfe
000bf4: 01fe                 .byte    0x01, 0xfe
000bf6: 01fe                 .byte    0x01, 0xfe
000bf8: 01fe                 .byte    0x01, 0xfe
000bfa: 01fe                 .byte    0x01, 0xfe
000bfc: 01fe                 .byte    0x01, 0xfe
000bfe: 01fe                 .byte    0x01, 0xfe
000c00: 01fe                 .byte    0x01, 0xfe
000c02: 01fe                 .byte    0x01, 0xfe
000c04: 01fe                 .byte    0x01, 0xfe
000c06: 01fe                 .byte    0x01, 0xfe
000c08: 01fe                 .byte    0x01, 0xfe
000c0a: 01fe                 .byte    0x01, 0xfe
000c0c: 01fe                 .byte    0x01, 0xfe
000c0e: 01fe                 .byte    0x01, 0xfe
000c10: 01fe                 .byte    0x01, 0xfe
000c12: 01fe                 .byte    0x01, 0xfe
000c14: 01fe                 .byte    0x01, 0xfe
000c16: 01fe                 .byte    0x01, 0xfe
000c18: 01fe                 .byte    0x01, 0xfe
000c1a: 01fe                 .byte    0x01, 0xfe
000c1c: 01fe                 .byte    0x01, 0xfe
000c1e: 01fe                 .byte    0x01, 0xfe
000c20: 01fe                 .byte    0x01, 0xfe
000c22: 01fe                 .byte    0x01, 0xfe
000c24: 01fe                 .byte    0x01, 0xfe
000c26: 01fe                 .byte    0x01, 0xfe
000c28: 01fe                 .byte    0x01, 0xfe
000c2a: 01fe                 .byte    0x01, 0xfe
000c2c: 01fe                 .byte    0x01, 0xfe
000c2e: 01fe                 .byte    0x01, 0xfe
000c30: 01fe                 .byte    0x01, 0xfe
000c32: 01fe                 .byte    0x01, 0xfe
000c34: 01fe                 .byte    0x01, 0xfe
000c36: 01fe                 .byte    0x01, 0xfe
000c38: 01fe                 .byte    0x01, 0xfe
000c3a: 01fe                 .byte    0x01, 0xfe
000c3c: 01fe                 .byte    0x01, 0xfe
000c3e: 01fe                 .byte    0x01, 0xfe
000c40: 01fe                 .byte    0x01, 0xfe
000c42: 01fe                 .byte    0x01, 0xfe
000c44: 01fe                 .byte    0x01, 0xfe
000c46: 01fe                 .byte    0x01, 0xfe
000c48: 01fe                 .byte    0x01, 0xfe
000c4a: 01fe                 .byte    0x01, 0xfe
000c4c: 01fe                 .byte    0x01, 0xfe
000c4e: 01fe                 .byte    0x01, 0xfe
000c50: 01fe                 .byte    0x01, 0xfe
000c52: 01fe                 .byte    0x01, 0xfe
000c54: 01fe                 .byte    0x01, 0xfe
000c56: 01fe                 .byte    0x01, 0xfe
000c58: 01fe                 .byte    0x01, 0xfe
000c5a: 01fe                 .byte    0x01, 0xfe
000c5c: 01fe                 .byte    0x01, 0xfe
000c5e: 01fe                 .byte    0x01, 0xfe
000c60: 01fe                 .byte    0x01, 0xfe
000c62: 01fe                 .byte    0x01, 0xfe
000c64: 01fe                 .byte    0x01, 0xfe
000c66: 01fe                 .byte    0x01, 0xfe
000c68: 01fe                 .byte    0x01, 0xfe
000c6a: 01fe                 .byte    0x01, 0xfe
000c6c: 01fe                 .byte    0x01, 0xfe
000c6e: 01fe                 .byte    0x01, 0xfe
000c70: 01fe                 .byte    0x01, 0xfe
000c72: 01fe                 .byte    0x01, 0xfe
000c74: 01fe                 .byte    0x01, 0xfe
000c76: 01fe                 .byte    0x01, 0xfe
000c78: 01fe                 .byte    0x01, 0xfe
000c7a: 01fe                 .byte    0x01, 0xfe
000c7c: 01fe                 .byte    0x01, 0xfe
000c7e: 01fe                 .byte    0x01, 0xfe
000c80: 01fe                 .byte    0x01, 0xfe
000c82: 01fe                 .byte    0x01, 0xfe
000c84: 01fe                 .byte    0x01, 0xfe
000c86: 01fe                 .byte    0x01, 0xfe
000c88: 01fe                 .byte    0x01, 0xfe
000c8a: 01fe                 .byte    0x01, 0xfe
000c8c: 01fe                 .byte    0x01, 0xfe
000c8e: 01fe                 .byte    0x01, 0xfe
000c90: 01fe                 .byte    0x01, 0xfe
000c92: 01fe                 .byte    0x01, 0xfe
000c94: 01fe                 .byte    0x01, 0xfe
000c96: 01fe                 .byte    0x01, 0xfe
000c98: 01fe                 .byte    0x01, 0xfe
000c9a: 01fe                 .byte    0x01, 0xfe
000c9c: 01fe                 .byte    0x01, 0xfe
000c9e: 01fe                 .byte    0x01, 0xfe
000ca0: 01fe                 .byte    0x01, 0xfe
000ca2: 01fe                 .byte    0x01, 0xfe
000ca4: 01fe                 .byte    0x01, 0xfe
000ca6: 01fe                 .byte    0x01, 0xfe
000ca8: 01fe                 .byte    0x01, 0xfe
000caa: 01fe                 .byte    0x01, 0xfe
000cac: 01fe                 .byte    0x01, 0xfe
000cae: 01fe                 .byte    0x01, 0xfe
000cb0: 01fe                 .byte    0x01, 0xfe
000cb2: 01fe                 .byte    0x01, 0xfe
000cb4: 01fe                 .byte    0x01, 0xfe
000cb6: 01fe                 .byte    0x01, 0xfe
000cb8: 01fe                 .byte    0x01, 0xfe
000cba: 01fe                 .byte    0x01, 0xfe
000cbc: 01fe                 .byte    0x01, 0xfe
000cbe: 01fe                 .byte    0x01, 0xfe
000cc0: 01fe                 .byte    0x01, 0xfe
000cc2: 01fe                 .byte    0x01, 0xfe
000cc4: 01fe                 .byte    0x01, 0xfe
000cc6: 01fe                 .byte    0x01, 0xfe
000cc8: 01fe                 .byte    0x01, 0xfe
000cca: 01fe                 .byte    0x01, 0xfe
000ccc: 01fe                 .byte    0x01, 0xfe
000cce: 01fe                 .byte    0x01, 0xfe
000cd0: 01fe                 .byte    0x01, 0xfe
000cd2: 01fe                 .byte    0x01, 0xfe
000cd4: 01fe                 .byte    0x01, 0xfe
000cd6: 01fe                 .byte    0x01, 0xfe
000cd8: 01fe                 .byte    0x01, 0xfe
000cda: 01fe                 .byte    0x01, 0xfe
000cdc: 01fe                 .byte    0x01, 0xfe
000cde: 01fe                 .byte    0x01, 0xfe
000ce0: 01fe                 .byte    0x01, 0xfe
000ce2: 01fe                 .byte    0x01, 0xfe
000ce4: 01fe                 .byte    0x01, 0xfe
000ce6: 01fe                 .byte    0x01, 0xfe
000ce8: 01fe                 .byte    0x01, 0xfe
000cea: 01fe                 .byte    0x01, 0xfe
000cec: 01fe                 .byte    0x01, 0xfe
000cee: 01fe                 .byte    0x01, 0xfe
000cf0: 01fe                 .byte    0x01, 0xfe
000cf2: 01fe                 .byte    0x01, 0xfe
000cf4: 01fe                 .byte    0x01, 0xfe
000cf6: 01fe                 .byte    0x01, 0xfe
000cf8: 01fe                 .byte    0x01, 0xfe
000cfa: 01fe                 .byte    0x01, 0xfe
000cfc: 01fe                 .byte    0x01, 0xfe
000cfe: 01fe                 .byte    0x01, 0xfe
000d00: 01fe                 .byte    0x01, 0xfe
000d02: 01fe                 .byte    0x01, 0xfe
000d04: 01fe                 .byte    0x01, 0xfe
000d06: 01fe                 .byte    0x01, 0xfe
000d08: 01fe                 .byte    0x01, 0xfe
000d0a: 01fe                 .byte    0x01, 0xfe
000d0c: 01fe                 .byte    0x01, 0xfe
000d0e: 01fe                 .byte    0x01, 0xfe
000d10: 01fe                 .byte    0x01, 0xfe
000d12: 01fe                 .byte    0x01, 0xfe
000d14: 01fe                 .byte    0x01, 0xfe
000d16: 01fe                 .byte    0x01, 0xfe
000d18: 01fe                 .byte    0x01, 0xfe
000d1a: 01fe                 .byte    0x01, 0xfe
000d1c: 01fe                 .byte    0x01, 0xfe
000d1e: 01fe                 .byte    0x01, 0xfe
000d20: 01fe                 .byte    0x01, 0xfe
000d22: 01fe                 .byte    0x01, 0xfe
000d24: 01fe                 .byte    0x01, 0xfe
000d26: 01fe                 .byte    0x01, 0xfe
000d28: 01fe                 .byte    0x01, 0xfe
000d2a: 01fe                 .byte    0x01, 0xfe
000d2c: 01fe                 .byte    0x01, 0xfe
000d2e: 01fe                 .byte    0x01, 0xfe
000d30: 01fe                 .byte    0x01, 0xfe
000d32: 01fe                 .byte    0x01, 0xfe
000d34: 01fe                 .byte    0x01, 0xfe
000d36: 01fe                 .byte    0x01, 0xfe
000d38: 01fe                 .byte    0x01, 0xfe
000d3a: 01fe                 .byte    0x01, 0xfe
000d3c: 01fe                 .byte    0x01, 0xfe
000d3e: 01fe                 .byte    0x01, 0xfe
000d40: 01fe                 .byte    0x01, 0xfe
000d42: 01fe                 .byte    0x01, 0xfe
000d44: 01fe                 .byte    0x01, 0xfe
000d46: 01fe                 .byte    0x01, 0xfe
000d48: 01fe                 .byte    0x01, 0xfe
000d4a: 01fe                 .byte    0x01, 0xfe
000d4c: 01fe                 .byte    0x01, 0xfe
000d4e: 01fe                 .byte    0x01, 0xfe
000d50: 01fe                 .byte    0x01, 0xfe
000d52: 01fe                 .byte    0x01, 0xfe
000d54: 01fe                 .byte    0x01, 0xfe
000d56: 01fe                 .byte    0x01, 0xfe
000d58: 01fe                 .byte    0x01, 0xfe
000d5a: 01fe                 .byte    0x01, 0xfe
000d5c: 01fe                 .byte    0x01, 0xfe
000d5e: 01fe                 .byte    0x01, 0xfe
000d60: 01fe                 .byte    0x01, 0xfe
000d62: 01fe                 .byte    0x01, 0xfe
000d64: 01fe                 .byte    0x01, 0xfe
000d66: 01fe                 .byte    0x01, 0xfe
000d68: 01fe                 .byte    0x01, 0xfe
000d6a: 01fe                 .byte    0x01, 0xfe
000d6c: 01fe                 .byte    0x01, 0xfe
000d6e: 01fe                 .byte    0x01, 0xfe
000d70: 01fe                 .byte    0x01, 0xfe
000d72: 01fe                 .byte    0x01, 0xfe
000d74: 01fe                 .byte    0x01, 0xfe
000d76: 01fe                 .byte    0x01, 0xfe
000d78: 01fe                 .byte    0x01, 0xfe
000d7a: 01fe                 .byte    0x01, 0xfe
000d7c: 01fe                 .byte    0x01, 0xfe
000d7e: 01fe                 .byte    0x01, 0xfe
000d80: 01fe                 .byte    0x01, 0xfe
000d82: 01fe                 .byte    0x01, 0xfe
000d84: 01fe                 .byte    0x01, 0xfe
000d86: 01fe                 .byte    0x01, 0xfe
000d88: 01fe                 .byte    0x01, 0xfe
000d8a: 01fe                 .byte    0x01, 0xfe
000d8c: 01fe                 .byte    0x01, 0xfe
000d8e: 01fe                 .byte    0x01, 0xfe
000d90: 01fe                 .byte    0x01, 0xfe
000d92: 01fe                 .byte    0x01, 0xfe
000d94: 01fe                 .byte    0x01, 0xfe
000d96: 01fe                 .byte    0x01, 0xfe
000d98: 01fe                 .byte    0x01, 0xfe
000d9a: 01fe                 .byte    0x01, 0xfe
000d9c: 01fe                 .byte    0x01, 0xfe
000d9e: 01fe                 .byte    0x01, 0xfe
000da0: 01fe                 .byte    0x01, 0xfe
000da2: 01fe                 .byte    0x01, 0xfe
000da4: 01fe                 .byte    0x01, 0xfe
000da6: 01fe                 .byte    0x01, 0xfe
000da8: 01fe                 .byte    0x01, 0xfe
000daa: 01fe                 .byte    0x01, 0xfe
000dac: 01fe                 .byte    0x01, 0xfe
000dae: 01fe                 .byte    0x01, 0xfe
000db0: 01fe                 .byte    0x01, 0xfe
000db2: 01fe                 .byte    0x01, 0xfe
000db4: 01fe                 .byte    0x01, 0xfe
000db6: 01fe                 .byte    0x01, 0xfe
000db8: 01fe                 .byte    0x01, 0xfe
000dba: 01fe                 .byte    0x01, 0xfe
000dbc: 01fe                 .byte    0x01, 0xfe
000dbe: 01fe                 .byte    0x01, 0xfe
000dc0: 01fe                 .byte    0x01, 0xfe
000dc2: 01fe                 .byte    0x01, 0xfe
000dc4: 01fe                 .byte    0x01, 0xfe
000dc6: 01fe                 .byte    0x01, 0xfe
000dc8: 01fe                 .byte    0x01, 0xfe
000dca: 01fe                 .byte    0x01, 0xfe
000dcc: 01fe                 .byte    0x01, 0xfe
000dce: 01fe                 .byte    0x01, 0xfe
000dd0: 01fe                 .byte    0x01, 0xfe
000dd2: 01fe                 .byte    0x01, 0xfe
000dd4: 01fe                 .byte    0x01, 0xfe
000dd6: 01fe                 .byte    0x01, 0xfe
000dd8: 01fe                 .byte    0x01, 0xfe
000dda: 4840                 swap     d0
000ddc: 4841                 swap     d1
000dde: 4842                 swap     d2
000de0: 4843                 swap     d3
000de2: 7800                 moveq    #$0, d4
000de4: 1a300000             move.b   (a0, d0.w), d5
000de8: 18311000             move.b   (a1, d1.w), d4
000dec: da44                 add.w    d4, d5
000dee: 18322000             move.b   (a2, d2.w), d4
000df2: da44                 add.w    d4, d5
000df4: 18333000             move.b   (a3, d3.w), d4
000df8: da44                 add.w    d4, d5
000dfa: 4840                 swap     d0
000dfc: 4841                 swap     d1
000dfe: 4842                 swap     d2
000e00: 4843                 swap     d3
000e02: e74d                 lsl.w    #$3, d5
000e04: 283b5030             move.l   $e36(pc, d5.w), d4
000e08: 09cc0000             movep.l  d4, $0(a4)
000e0c: 383b502c             move.w   $e3a(pc, d5.w), d4
000e10: 098c0000             movep.w  d4, $0(a4)
000e14: 7a00                 moveq    #$0, d5
000e16: d0ba24ec             add.l    $3304(pc), d0
000e1a: db45                 addx.w   d5, d5
000e1c: d2ba24ea             add.l    $3308(pc), d1
000e20: db45                 addx.w   d5, d5
000e22: d4ba24e8             add.l    $330c(pc), d2
000e26: db45                 addx.w   d5, d5
000e28: d6ba24e6             add.l    $3310(pc), d3
000e2c: db45                 addx.w   d5, d5
000e2e: 4a45                 tst.w    d5
000e30: 66002004             bne.w    $2e36
000e34: 4e73                 rte      
000e36: 0800                 .byte    0x08, 0x00
000e38: 0900                 btst.l   d4, d0
000e3a: 0a000000             eori.b   #$0, d0
000e3e: 0800                 .byte    0x08, 0x00
000e40: 0900                 btst.l   d4, d0
000e42: 0a000000             eori.b   #$0, d0
000e46: 0800                 .byte    0x08, 0x00
000e48: 0900                 btst.l   d4, d0
000e4a: 0a000000             eori.b   #$0, d0
000e4e: 0800                 .byte    0x08, 0x00
000e50: 0900                 btst.l   d4, d0
000e52: 0a000000             eori.b   #$0, d0
000e56: 0800                 .byte    0x08, 0x00
000e58: 0900                 btst.l   d4, d0
000e5a: 0a000000             eori.b   #$0, d0
000e5e: 0800                 .byte    0x08, 0x00
000e60: 0900                 btst.l   d4, d0
000e62: 0a000000             eori.b   #$0, d0
000e66: 0800                 .byte    0x08, 0x00
000e68: 0900                 btst.l   d4, d0
000e6a: 0a000000             eori.b   #$0, d0
000e6e: 0800                 .byte    0x08, 0x00
000e70: 0900                 btst.l   d4, d0
000e72: 0a000000             eori.b   #$0, d0
000e76: 0800                 .byte    0x08, 0x00
000e78: 0900                 btst.l   d4, d0
000e7a: 0a000000             eori.b   #$0, d0
000e7e: 0800                 .byte    0x08, 0x00
000e80: 0900                 btst.l   d4, d0
000e82: 0a000000             eori.b   #$0, d0
000e86: 0800                 .byte    0x08, 0x00
000e88: 0900                 btst.l   d4, d0
000e8a: 0a000000             eori.b   #$0, d0
000e8e: 0800                 .byte    0x08, 0x00
000e90: 0900                 btst.l   d4, d0
000e92: 0a000000             eori.b   #$0, d0
000e96: 0800                 .byte    0x08, 0x00
000e98: 0900                 btst.l   d4, d0
000e9a: 0a000000             eori.b   #$0, d0
000e9e: 0800                 .byte    0x08, 0x00
000ea0: 0900                 btst.l   d4, d0
000ea2: 0a000000             eori.b   #$0, d0
000ea6: 0800                 .byte    0x08, 0x00
000ea8: 0900                 btst.l   d4, d0
000eaa: 0a000000             eori.b   #$0, d0
000eae: 0800                 .byte    0x08, 0x00
000eb0: 0900                 btst.l   d4, d0
000eb2: 0a000000             eori.b   #$0, d0
000eb6: 0800                 .byte    0x08, 0x00
000eb8: 0900                 btst.l   d4, d0
000eba: 0a000000             eori.b   #$0, d0
000ebe: 0800                 .byte    0x08, 0x00
000ec0: 0900                 btst.l   d4, d0
000ec2: 0a000000             eori.b   #$0, d0
000ec6: 0800                 .byte    0x08, 0x00
000ec8: 0900                 btst.l   d4, d0
000eca: 0a000000             eori.b   #$0, d0
000ece: 0800                 .byte    0x08, 0x00
000ed0: 0900                 btst.l   d4, d0
000ed2: 0a000000             eori.b   #$0, d0
000ed6: 0800                 .byte    0x08, 0x00
000ed8: 0900                 btst.l   d4, d0
000eda: 0a000000             eori.b   #$0, d0
000ede: 0800                 .byte    0x08, 0x00
000ee0: 0900                 btst.l   d4, d0
000ee2: 0a000000             eori.b   #$0, d0
000ee6: 0800                 .byte    0x08, 0x00
000ee8: 0900                 btst.l   d4, d0
000eea: 0a000000             eori.b   #$0, d0
000eee: 0800                 .byte    0x08, 0x00
000ef0: 0900                 btst.l   d4, d0
000ef2: 0a000000             eori.b   #$0, d0
000ef6: 0800                 .byte    0x08, 0x00
000ef8: 0900                 btst.l   d4, d0
000efa: 0a000000             eori.b   #$0, d0
000efe: 0800                 .byte    0x08, 0x00
000f00: 0900                 btst.l   d4, d0
000f02: 0a000000             eori.b   #$0, d0
000f06: 0800                 .byte    0x08, 0x00
000f08: 0900                 btst.l   d4, d0
000f0a: 0a000000             eori.b   #$0, d0
000f0e: 0800                 .byte    0x08, 0x00
000f10: 0900                 btst.l   d4, d0
000f12: 0a000000             eori.b   #$0, d0
000f16: 0800                 .byte    0x08, 0x00
000f18: 0900                 btst.l   d4, d0
000f1a: 0a000000             eori.b   #$0, d0
000f1e: 0800                 .byte    0x08, 0x00
000f20: 0900                 btst.l   d4, d0
000f22: 0a000000             eori.b   #$0, d0
000f26: 0800                 .byte    0x08, 0x00
000f28: 0900                 btst.l   d4, d0
000f2a: 0a000000             eori.b   #$0, d0
000f2e: 0800                 .byte    0x08, 0x00
000f30: 0900                 btst.l   d4, d0
000f32: 0a000000             eori.b   #$0, d0
000f36: 0800                 .byte    0x08, 0x00
000f38: 0900                 btst.l   d4, d0
000f3a: 0a000000             eori.b   #$0, d0
000f3e: 0800                 .byte    0x08, 0x00
000f40: 0900                 btst.l   d4, d0
000f42: 0a000000             eori.b   #$0, d0
000f46: 0800                 .byte    0x08, 0x00
000f48: 0900                 btst.l   d4, d0
000f4a: 0a000000             eori.b   #$0, d0
000f4e: 0800                 .byte    0x08, 0x00
000f50: 0900                 btst.l   d4, d0
000f52: 0a000000             eori.b   #$0, d0
000f56: 0800                 .byte    0x08, 0x00
000f58: 0900                 btst.l   d4, d0
000f5a: 0a000000             eori.b   #$0, d0
000f5e: 0800                 .byte    0x08, 0x00
000f60: 0900                 btst.l   d4, d0
000f62: 0a000000             eori.b   #$0, d0
000f66: 0800                 .byte    0x08, 0x00
000f68: 0900                 btst.l   d4, d0
000f6a: 0a000000             eori.b   #$0, d0
000f6e: 0800                 .byte    0x08, 0x00
000f70: 0900                 btst.l   d4, d0
000f72: 0a000000             eori.b   #$0, d0
000f76: 0800                 .byte    0x08, 0x00
000f78: 0900                 btst.l   d4, d0
000f7a: 0a000000             eori.b   #$0, d0
000f7e: 0800                 .byte    0x08, 0x00
000f80: 0900                 btst.l   d4, d0
000f82: 0a000000             eori.b   #$0, d0
000f86: 0800                 .byte    0x08, 0x00
000f88: 0900                 btst.l   d4, d0
000f8a: 0a000000             eori.b   #$0, d0
000f8e: 0800                 .byte    0x08, 0x00
000f90: 0900                 btst.l   d4, d0
000f92: 0a000000             eori.b   #$0, d0
000f96: 0800                 .byte    0x08, 0x00
000f98: 0900                 btst.l   d4, d0
000f9a: 0a000000             eori.b   #$0, d0
000f9e: 0800                 .byte    0x08, 0x00
000fa0: 0900                 btst.l   d4, d0
000fa2: 0a000000             eori.b   #$0, d0
000fa6: 0800                 .byte    0x08, 0x00
000fa8: 0900                 btst.l   d4, d0
000faa: 0a000000             eori.b   #$0, d0
000fae: 0800                 .byte    0x08, 0x00
000fb0: 0900                 btst.l   d4, d0
000fb2: 0a000000             eori.b   #$0, d0
000fb6: 0800                 .byte    0x08, 0x00
000fb8: 0900                 btst.l   d4, d0
000fba: 0a000000             eori.b   #$0, d0
000fbe: 0800                 .byte    0x08, 0x00
000fc0: 0900                 btst.l   d4, d0
000fc2: 0a000000             eori.b   #$0, d0
000fc6: 0800                 .byte    0x08, 0x00
000fc8: 0900                 btst.l   d4, d0
000fca: 0a000000             eori.b   #$0, d0
000fce: 0800                 .byte    0x08, 0x00
000fd0: 0900                 btst.l   d4, d0
000fd2: 0a000000             eori.b   #$0, d0
000fd6: 0800                 .byte    0x08, 0x00
000fd8: 0900                 btst.l   d4, d0
000fda: 0a000000             eori.b   #$0, d0
000fde: 0800                 .byte    0x08, 0x00
000fe0: 0900                 btst.l   d4, d0
000fe2: 0a000000             eori.b   #$0, d0
000fe6: 0800                 .byte    0x08, 0x00
000fe8: 0900                 btst.l   d4, d0
000fea: 0a000000             eori.b   #$0, d0
000fee: 0800                 .byte    0x08, 0x00
000ff0: 0900                 btst.l   d4, d0
000ff2: 0a000000             eori.b   #$0, d0
000ff6: 0800                 .byte    0x08, 0x00
000ff8: 0900                 btst.l   d4, d0
000ffa: 0a000000             eori.b   #$0, d0
000ffe: 0800                 .byte    0x08, 0x00
001000: 0900                 btst.l   d4, d0
001002: 0a000000             eori.b   #$0, d0
001006: 0800                 .byte    0x08, 0x00
001008: 0900                 btst.l   d4, d0
00100a: 0a000000             eori.b   #$0, d0
00100e: 0800                 .byte    0x08, 0x00
001010: 0900                 btst.l   d4, d0
001012: 0a000000             eori.b   #$0, d0
001016: 0800                 .byte    0x08, 0x00
001018: 0900                 btst.l   d4, d0
00101a: 0a000000             eori.b   #$0, d0
00101e: 0800                 .byte    0x08, 0x00
001020: 0900                 btst.l   d4, d0
001022: 0a000000             eori.b   #$0, d0
001026: 0800                 .byte    0x08, 0x00
001028: 0900                 btst.l   d4, d0
00102a: 0a000000             eori.b   #$0, d0
00102e: 0800                 .byte    0x08, 0x00
001030: 0900                 btst.l   d4, d0
001032: 0a000000             eori.b   #$0, d0
001036: 0800                 .byte    0x08, 0x00
001038: 0900                 btst.l   d4, d0
00103a: 0a000000             eori.b   #$0, d0
00103e: 0800                 .byte    0x08, 0x00
001040: 0900                 btst.l   d4, d0
001042: 0a000000             eori.b   #$0, d0
001046: 0800                 .byte    0x08, 0x00
001048: 0900                 btst.l   d4, d0
00104a: 0a000000             eori.b   #$0, d0
00104e: 0800                 .byte    0x08, 0x00
001050: 0900                 btst.l   d4, d0
001052: 0a000000             eori.b   #$0, d0
001056: 0800                 .byte    0x08, 0x00
001058: 0900                 btst.l   d4, d0
00105a: 0a000000             eori.b   #$0, d0
00105e: 0800                 .byte    0x08, 0x00
001060: 0900                 btst.l   d4, d0
001062: 0a000000             eori.b   #$0, d0
001066: 0800                 .byte    0x08, 0x00
001068: 0900                 btst.l   d4, d0
00106a: 0a000000             eori.b   #$0, d0
00106e: 0800                 .byte    0x08, 0x00
001070: 0900                 btst.l   d4, d0
001072: 0a000000             eori.b   #$0, d0
001076: 0800                 .byte    0x08, 0x00
001078: 0900                 btst.l   d4, d0
00107a: 0a000000             eori.b   #$0, d0
00107e: 0800                 .byte    0x08, 0x00
001080: 0900                 btst.l   d4, d0
001082: 0a000000             eori.b   #$0, d0
001086: 0800                 .byte    0x08, 0x00
001088: 0900                 btst.l   d4, d0
00108a: 0a000000             eori.b   #$0, d0
00108e: 0800                 .byte    0x08, 0x00
001090: 0900                 btst.l   d4, d0
001092: 0a000000             eori.b   #$0, d0
001096: 0800                 .byte    0x08, 0x00
001098: 0900                 btst.l   d4, d0
00109a: 0a000000             eori.b   #$0, d0
00109e: 0800                 .byte    0x08, 0x00
0010a0: 0900                 btst.l   d4, d0
0010a2: 0a000000             eori.b   #$0, d0
0010a6: 0800                 .byte    0x08, 0x00
0010a8: 0900                 btst.l   d4, d0
0010aa: 0a000000             eori.b   #$0, d0
0010ae: 0800                 .byte    0x08, 0x00
0010b0: 0900                 btst.l   d4, d0
0010b2: 0a000000             eori.b   #$0, d0
0010b6: 0800                 .byte    0x08, 0x00
0010b8: 0900                 btst.l   d4, d0
0010ba: 0a000000             eori.b   #$0, d0
0010be: 0800                 .byte    0x08, 0x00
0010c0: 0900                 btst.l   d4, d0
0010c2: 0a000000             eori.b   #$0, d0
0010c6: 0800                 .byte    0x08, 0x00
0010c8: 0900                 btst.l   d4, d0
0010ca: 0a000000             eori.b   #$0, d0
0010ce: 0800                 .byte    0x08, 0x00
0010d0: 0900                 btst.l   d4, d0
0010d2: 0a000000             eori.b   #$0, d0
0010d6: 0800                 .byte    0x08, 0x00
0010d8: 0900                 btst.l   d4, d0
0010da: 0a000000             eori.b   #$0, d0
0010de: 0800                 .byte    0x08, 0x00
0010e0: 0900                 btst.l   d4, d0
0010e2: 0a000000             eori.b   #$0, d0
0010e6: 0800                 .byte    0x08, 0x00
0010e8: 0900                 btst.l   d4, d0
0010ea: 0a000000             eori.b   #$0, d0
0010ee: 0800                 .byte    0x08, 0x00
0010f0: 0900                 btst.l   d4, d0
0010f2: 0a000000             eori.b   #$0, d0
0010f6: 0800                 .byte    0x08, 0x00
0010f8: 0900                 btst.l   d4, d0
0010fa: 0a000000             eori.b   #$0, d0
0010fe: 0800                 .byte    0x08, 0x00
001100: 0900                 btst.l   d4, d0
001102: 0a000000             eori.b   #$0, d0
001106: 0800                 .byte    0x08, 0x00
001108: 0900                 btst.l   d4, d0
00110a: 0a000000             eori.b   #$0, d0
00110e: 0800                 .byte    0x08, 0x00
001110: 0900                 btst.l   d4, d0
001112: 0a000000             eori.b   #$0, d0
001116: 0800                 .byte    0x08, 0x00
001118: 0900                 btst.l   d4, d0
00111a: 0a000000             eori.b   #$0, d0
00111e: 0800                 .byte    0x08, 0x00
001120: 0900                 btst.l   d4, d0
001122: 0a000000             eori.b   #$0, d0
001126: 0800                 .byte    0x08, 0x00
001128: 0900                 btst.l   d4, d0
00112a: 0a000000             eori.b   #$0, d0
00112e: 0800                 .byte    0x08, 0x00
001130: 0900                 btst.l   d4, d0
001132: 0a000000             eori.b   #$0, d0
001136: 0800                 .byte    0x08, 0x00
001138: 0900                 btst.l   d4, d0
00113a: 0a000000             eori.b   #$0, d0
00113e: 0800                 .byte    0x08, 0x00
001140: 0900                 btst.l   d4, d0
001142: 0a000000             eori.b   #$0, d0
001146: 0800                 .byte    0x08, 0x00
001148: 0900                 btst.l   d4, d0
00114a: 0a000000             eori.b   #$0, d0
00114e: 0800                 .byte    0x08, 0x00
001150: 0900                 btst.l   d4, d0
001152: 0a000000             eori.b   #$0, d0
001156: 0800                 .byte    0x08, 0x00
001158: 0900                 btst.l   d4, d0
00115a: 0a000000             eori.b   #$0, d0
00115e: 0800                 .byte    0x08, 0x00
001160: 0900                 btst.l   d4, d0
001162: 0a000000             eori.b   #$0, d0
001166: 0800                 .byte    0x08, 0x00
001168: 0900                 btst.l   d4, d0
00116a: 0a000000             eori.b   #$0, d0
00116e: 0800                 .byte    0x08, 0x00
001170: 0900                 btst.l   d4, d0
001172: 0a000000             eori.b   #$0, d0
001176: 0800                 .byte    0x08, 0x00
001178: 0900                 btst.l   d4, d0
00117a: 0a000000             eori.b   #$0, d0
00117e: 0800                 .byte    0x08, 0x00
001180: 0900                 btst.l   d4, d0
001182: 0a000000             eori.b   #$0, d0
001186: 0800                 .byte    0x08, 0x00
001188: 0900                 btst.l   d4, d0
00118a: 0a000000             eori.b   #$0, d0
00118e: 0800                 .byte    0x08, 0x00
001190: 0900                 btst.l   d4, d0
001192: 0a000000             eori.b   #$0, d0
001196: 0800                 .byte    0x08, 0x00
001198: 0900                 btst.l   d4, d0
00119a: 0a000000             eori.b   #$0, d0
00119e: 0800                 .byte    0x08, 0x00
0011a0: 0900                 btst.l   d4, d0
0011a2: 0a000000             eori.b   #$0, d0
0011a6: 0800                 .byte    0x08, 0x00
0011a8: 0900                 btst.l   d4, d0
0011aa: 0a000000             eori.b   #$0, d0
0011ae: 0800                 .byte    0x08, 0x00
0011b0: 0900                 btst.l   d4, d0
0011b2: 0a000000             eori.b   #$0, d0
0011b6: 0800                 .byte    0x08, 0x00
0011b8: 0900                 btst.l   d4, d0
0011ba: 0a000000             eori.b   #$0, d0
0011be: 0800                 .byte    0x08, 0x00
0011c0: 0900                 btst.l   d4, d0
0011c2: 0a000000             eori.b   #$0, d0
0011c6: 0800                 .byte    0x08, 0x00
0011c8: 0900                 btst.l   d4, d0
0011ca: 0a000000             eori.b   #$0, d0
0011ce: 0800                 .byte    0x08, 0x00
0011d0: 0900                 btst.l   d4, d0
0011d2: 0a000000             eori.b   #$0, d0
0011d6: 0800                 .byte    0x08, 0x00
0011d8: 0900                 btst.l   d4, d0
0011da: 0a000000             eori.b   #$0, d0
0011de: 0800                 .byte    0x08, 0x00
0011e0: 0900                 btst.l   d4, d0
0011e2: 0a000000             eori.b   #$0, d0
0011e6: 0800                 .byte    0x08, 0x00
0011e8: 0900                 btst.l   d4, d0
0011ea: 0a000000             eori.b   #$0, d0
0011ee: 0800                 .byte    0x08, 0x00
0011f0: 0900                 btst.l   d4, d0
0011f2: 0a000000             eori.b   #$0, d0
0011f6: 0800                 .byte    0x08, 0x00
0011f8: 0900                 btst.l   d4, d0
0011fa: 0a000000             eori.b   #$0, d0
0011fe: 0800                 .byte    0x08, 0x00
001200: 0900                 btst.l   d4, d0
001202: 0a000000             eori.b   #$0, d0
001206: 0800                 .byte    0x08, 0x00
001208: 0900                 btst.l   d4, d0
00120a: 0a000000             eori.b   #$0, d0
00120e: 0800                 .byte    0x08, 0x00
001210: 0900                 btst.l   d4, d0
001212: 0a000000             eori.b   #$0, d0
001216: 0800                 .byte    0x08, 0x00
001218: 0900                 btst.l   d4, d0
00121a: 0a000000             eori.b   #$0, d0
00121e: 0800                 .byte    0x08, 0x00
001220: 0900                 btst.l   d4, d0
001222: 0a000000             eori.b   #$0, d0
001226: 0800                 .byte    0x08, 0x00
001228: 0900                 btst.l   d4, d0
00122a: 0a000000             eori.b   #$0, d0
00122e: 0800                 .byte    0x08, 0x00
001230: 0900                 btst.l   d4, d0
001232: 0a000000             eori.b   #$0, d0
001236: 0800                 .byte    0x08, 0x00
001238: 0900                 btst.l   d4, d0
00123a: 0a000000             eori.b   #$0, d0
00123e: 0800                 .byte    0x08, 0x00
001240: 0900                 btst.l   d4, d0
001242: 0a000000             eori.b   #$0, d0
001246: 0800                 .byte    0x08, 0x00
001248: 0900                 btst.l   d4, d0
00124a: 0a000000             eori.b   #$0, d0
00124e: 0800                 .byte    0x08, 0x00
001250: 0900                 btst.l   d4, d0
001252: 0a000000             eori.b   #$0, d0
001256: 0800                 .byte    0x08, 0x00
001258: 0900                 btst.l   d4, d0
00125a: 0a000000             eori.b   #$0, d0
00125e: 0800                 .byte    0x08, 0x00
001260: 0900                 btst.l   d4, d0
001262: 0a000000             eori.b   #$0, d0
001266: 0800                 .byte    0x08, 0x00
001268: 0900                 btst.l   d4, d0
00126a: 0a000000             eori.b   #$0, d0
00126e: 0800                 .byte    0x08, 0x00
001270: 0900                 btst.l   d4, d0
001272: 0a000000             eori.b   #$0, d0
001276: 0800                 .byte    0x08, 0x00
001278: 0900                 btst.l   d4, d0
00127a: 0a000000             eori.b   #$0, d0
00127e: 0800                 .byte    0x08, 0x00
001280: 0900                 btst.l   d4, d0
001282: 0a000000             eori.b   #$0, d0
001286: 0800                 .byte    0x08, 0x00
001288: 0900                 btst.l   d4, d0
00128a: 0a000000             eori.b   #$0, d0
00128e: 0800                 .byte    0x08, 0x00
001290: 0900                 btst.l   d4, d0
001292: 0a000000             eori.b   #$0, d0
001296: 0800                 .byte    0x08, 0x00
001298: 0900                 btst.l   d4, d0
00129a: 0a000000             eori.b   #$0, d0
00129e: 0800                 .byte    0x08, 0x00
0012a0: 0900                 btst.l   d4, d0
0012a2: 0a000000             eori.b   #$0, d0
0012a6: 0800                 .byte    0x08, 0x00
0012a8: 0900                 btst.l   d4, d0
0012aa: 0a000000             eori.b   #$0, d0
0012ae: 0800                 .byte    0x08, 0x00
0012b0: 0900                 btst.l   d4, d0
0012b2: 0a000000             eori.b   #$0, d0
0012b6: 0800                 .byte    0x08, 0x00
0012b8: 0900                 btst.l   d4, d0
0012ba: 0a000000             eori.b   #$0, d0
0012be: 0800                 .byte    0x08, 0x00
0012c0: 0900                 btst.l   d4, d0
0012c2: 0a000000             eori.b   #$0, d0
0012c6: 0800                 .byte    0x08, 0x00
0012c8: 0900                 btst.l   d4, d0
0012ca: 0a000000             eori.b   #$0, d0
0012ce: 0800                 .byte    0x08, 0x00
0012d0: 0900                 btst.l   d4, d0
0012d2: 0a000000             eori.b   #$0, d0
0012d6: 0800                 .byte    0x08, 0x00
0012d8: 0900                 btst.l   d4, d0
0012da: 0a000000             eori.b   #$0, d0
0012de: 0800                 .byte    0x08, 0x00
0012e0: 0900                 btst.l   d4, d0
0012e2: 0a000000             eori.b   #$0, d0
0012e6: 0800                 .byte    0x08, 0x00
0012e8: 0900                 btst.l   d4, d0
0012ea: 0a000000             eori.b   #$0, d0
0012ee: 0800                 .byte    0x08, 0x00
0012f0: 0900                 btst.l   d4, d0
0012f2: 0a000000             eori.b   #$0, d0
0012f6: 0800                 .byte    0x08, 0x00
0012f8: 0900                 btst.l   d4, d0
0012fa: 0a000000             eori.b   #$0, d0
0012fe: 0800                 .byte    0x08, 0x00
001300: 0900                 btst.l   d4, d0
001302: 0a000000             eori.b   #$0, d0
001306: 0800                 .byte    0x08, 0x00
001308: 0900                 btst.l   d4, d0
00130a: 0a000000             eori.b   #$0, d0
00130e: 0800                 .byte    0x08, 0x00
001310: 0900                 btst.l   d4, d0
001312: 0a000000             eori.b   #$0, d0
001316: 0800                 .byte    0x08, 0x00
001318: 0900                 btst.l   d4, d0
00131a: 0a000000             eori.b   #$0, d0
00131e: 0800                 .byte    0x08, 0x00
001320: 0900                 btst.l   d4, d0
001322: 0a000000             eori.b   #$0, d0
001326: 0800                 .byte    0x08, 0x00
001328: 0900                 btst.l   d4, d0
00132a: 0a000000             eori.b   #$0, d0
00132e: 0800                 .byte    0x08, 0x00
001330: 0900                 btst.l   d4, d0
001332: 0a000000             eori.b   #$0, d0
001336: 0800                 .byte    0x08, 0x00
001338: 0900                 btst.l   d4, d0
00133a: 0a000000             eori.b   #$0, d0
00133e: 0800                 .byte    0x08, 0x00
001340: 0900                 btst.l   d4, d0
001342: 0a000000             eori.b   #$0, d0
001346: 0800                 .byte    0x08, 0x00
001348: 0900                 btst.l   d4, d0
00134a: 0a000000             eori.b   #$0, d0
00134e: 0800                 .byte    0x08, 0x00
001350: 0900                 btst.l   d4, d0
001352: 0a000000             eori.b   #$0, d0
001356: 0800                 .byte    0x08, 0x00
001358: 0900                 btst.l   d4, d0
00135a: 0a000000             eori.b   #$0, d0
00135e: 0800                 .byte    0x08, 0x00
001360: 0900                 btst.l   d4, d0
001362: 0a000000             eori.b   #$0, d0
001366: 0800                 .byte    0x08, 0x00
001368: 0900                 btst.l   d4, d0
00136a: 0a000000             eori.b   #$0, d0
00136e: 0800                 .byte    0x08, 0x00
001370: 0900                 btst.l   d4, d0
001372: 0a000000             eori.b   #$0, d0
001376: 0800                 .byte    0x08, 0x00
001378: 0900                 btst.l   d4, d0
00137a: 0a000000             eori.b   #$0, d0
00137e: 0800                 .byte    0x08, 0x00
001380: 0900                 btst.l   d4, d0
001382: 0a000000             eori.b   #$0, d0
001386: 0800                 .byte    0x08, 0x00
001388: 0900                 btst.l   d4, d0
00138a: 0a000000             eori.b   #$0, d0
00138e: 0800                 .byte    0x08, 0x00
001390: 0900                 btst.l   d4, d0
001392: 0a000000             eori.b   #$0, d0
001396: 0800                 .byte    0x08, 0x00
001398: 0900                 btst.l   d4, d0
00139a: 0a000000             eori.b   #$0, d0
00139e: 0800                 .byte    0x08, 0x00
0013a0: 0900                 btst.l   d4, d0
0013a2: 0a000000             eori.b   #$0, d0
0013a6: 0800                 .byte    0x08, 0x00
0013a8: 0900                 btst.l   d4, d0
0013aa: 0a000000             eori.b   #$0, d0
0013ae: 0800                 .byte    0x08, 0x00
0013b0: 0900                 btst.l   d4, d0
0013b2: 0a000000             eori.b   #$0, d0
0013b6: 0800                 .byte    0x08, 0x00
0013b8: 0900                 btst.l   d4, d0
0013ba: 0a000000             eori.b   #$0, d0
0013be: 0800                 .byte    0x08, 0x00
0013c0: 0900                 btst.l   d4, d0
0013c2: 0a000000             eori.b   #$0, d0
0013c6: 0800                 .byte    0x08, 0x00
0013c8: 0900                 btst.l   d4, d0
0013ca: 0a000000             eori.b   #$0, d0
0013ce: 0800                 .byte    0x08, 0x00
0013d0: 0900                 btst.l   d4, d0
0013d2: 0a000000             eori.b   #$0, d0
0013d6: 0800                 .byte    0x08, 0x00
0013d8: 0900                 btst.l   d4, d0
0013da: 0a000000             eori.b   #$0, d0
0013de: 0800                 .byte    0x08, 0x00
0013e0: 0900                 btst.l   d4, d0
0013e2: 0a000000             eori.b   #$0, d0
0013e6: 0800                 .byte    0x08, 0x00
0013e8: 0900                 btst.l   d4, d0
0013ea: 0a000000             eori.b   #$0, d0
0013ee: 0800                 .byte    0x08, 0x00
0013f0: 0900                 btst.l   d4, d0
0013f2: 0a000000             eori.b   #$0, d0
0013f6: 0800                 .byte    0x08, 0x00
0013f8: 0900                 btst.l   d4, d0
0013fa: 0a000000             eori.b   #$0, d0
0013fe: 0800                 .byte    0x08, 0x00
001400: 0900                 btst.l   d4, d0
001402: 0a000000             eori.b   #$0, d0
001406: 0800                 .byte    0x08, 0x00
001408: 0900                 btst.l   d4, d0
00140a: 0a000000             eori.b   #$0, d0
00140e: 0800                 .byte    0x08, 0x00
001410: 0900                 btst.l   d4, d0
001412: 0a000000             eori.b   #$0, d0
001416: 0800                 .byte    0x08, 0x00
001418: 0900                 btst.l   d4, d0
00141a: 0a000000             eori.b   #$0, d0
00141e: 0800                 .byte    0x08, 0x00
001420: 0900                 btst.l   d4, d0
001422: 0a000000             eori.b   #$0, d0
001426: 0800                 .byte    0x08, 0x00
001428: 0900                 btst.l   d4, d0
00142a: 0a000000             eori.b   #$0, d0
00142e: 0800                 .byte    0x08, 0x00
001430: 0900                 btst.l   d4, d0
001432: 0a000000             eori.b   #$0, d0
001436: 0800                 .byte    0x08, 0x00
001438: 0900                 btst.l   d4, d0
00143a: 0a000000             eori.b   #$0, d0
00143e: 0800                 .byte    0x08, 0x00
001440: 0900                 btst.l   d4, d0
001442: 0a000000             eori.b   #$0, d0
001446: 0800                 .byte    0x08, 0x00
001448: 0900                 btst.l   d4, d0
00144a: 0a000000             eori.b   #$0, d0
00144e: 0800                 .byte    0x08, 0x00
001450: 0900                 btst.l   d4, d0
001452: 0a000000             eori.b   #$0, d0
001456: 0800                 .byte    0x08, 0x00
001458: 0900                 btst.l   d4, d0
00145a: 0a000000             eori.b   #$0, d0
00145e: 0800                 .byte    0x08, 0x00
001460: 0900                 btst.l   d4, d0
001462: 0a000000             eori.b   #$0, d0
001466: 0800                 .byte    0x08, 0x00
001468: 0900                 btst.l   d4, d0
00146a: 0a000000             eori.b   #$0, d0
00146e: 0800                 .byte    0x08, 0x00
001470: 0900                 btst.l   d4, d0
001472: 0a000000             eori.b   #$0, d0
001476: 0800                 .byte    0x08, 0x00
001478: 0900                 btst.l   d4, d0
00147a: 0a000000             eori.b   #$0, d0
00147e: 0800                 .byte    0x08, 0x00
001480: 0900                 btst.l   d4, d0
001482: 0a000000             eori.b   #$0, d0
001486: 0800                 .byte    0x08, 0x00
001488: 0900                 btst.l   d4, d0
00148a: 0a000000             eori.b   #$0, d0
00148e: 0800                 .byte    0x08, 0x00
001490: 0900                 btst.l   d4, d0
001492: 0a000000             eori.b   #$0, d0
001496: 0800                 .byte    0x08, 0x00
001498: 0900                 btst.l   d4, d0
00149a: 0a000000             eori.b   #$0, d0
00149e: 0800                 .byte    0x08, 0x00
0014a0: 0900                 btst.l   d4, d0
0014a2: 0a000000             eori.b   #$0, d0
0014a6: 0800                 .byte    0x08, 0x00
0014a8: 0900                 btst.l   d4, d0
0014aa: 0a000000             eori.b   #$0, d0
0014ae: 0800                 .byte    0x08, 0x00
0014b0: 0900                 btst.l   d4, d0
0014b2: 0a000000             eori.b   #$0, d0
0014b6: 0800                 .byte    0x08, 0x00
0014b8: 0900                 btst.l   d4, d0
0014ba: 0a000000             eori.b   #$0, d0
0014be: 0800                 .byte    0x08, 0x00
0014c0: 0900                 btst.l   d4, d0
0014c2: 0a000000             eori.b   #$0, d0
0014c6: 0800                 .byte    0x08, 0x00
0014c8: 0900                 btst.l   d4, d0
0014ca: 0a000000             eori.b   #$0, d0
0014ce: 0800                 .byte    0x08, 0x00
0014d0: 0900                 btst.l   d4, d0
0014d2: 0a000000             eori.b   #$0, d0
0014d6: 0800                 .byte    0x08, 0x00
0014d8: 0900                 btst.l   d4, d0
0014da: 0a000000             eori.b   #$0, d0
0014de: 0800                 .byte    0x08, 0x00
0014e0: 0900                 btst.l   d4, d0
0014e2: 0a000000             eori.b   #$0, d0
0014e6: 0800                 .byte    0x08, 0x00
0014e8: 0900                 btst.l   d4, d0
0014ea: 0a000000             eori.b   #$0, d0
0014ee: 0800                 .byte    0x08, 0x00
0014f0: 0900                 btst.l   d4, d0
0014f2: 0a000000             eori.b   #$0, d0
0014f6: 0800                 .byte    0x08, 0x00
0014f8: 0900                 btst.l   d4, d0
0014fa: 0a000000             eori.b   #$0, d0
0014fe: 0800                 .byte    0x08, 0x00
001500: 0900                 btst.l   d4, d0
001502: 0a000000             eori.b   #$0, d0
001506: 0800                 .byte    0x08, 0x00
001508: 0900                 btst.l   d4, d0
00150a: 0a000000             eori.b   #$0, d0
00150e: 0800                 .byte    0x08, 0x00
001510: 0900                 btst.l   d4, d0
001512: 0a000000             eori.b   #$0, d0
001516: 0800                 .byte    0x08, 0x00
001518: 0900                 btst.l   d4, d0
00151a: 0a000000             eori.b   #$0, d0
00151e: 0800                 .byte    0x08, 0x00
001520: 0900                 btst.l   d4, d0
001522: 0a000000             eori.b   #$0, d0
001526: 0800                 .byte    0x08, 0x00
001528: 0900                 btst.l   d4, d0
00152a: 0a000000             eori.b   #$0, d0
00152e: 0800                 .byte    0x08, 0x00
001530: 0900                 btst.l   d4, d0
001532: 0a000000             eori.b   #$0, d0
001536: 0800                 .byte    0x08, 0x00
001538: 0900                 btst.l   d4, d0
00153a: 0a000000             eori.b   #$0, d0
00153e: 0800                 .byte    0x08, 0x00
001540: 0900                 btst.l   d4, d0
001542: 0a000000             eori.b   #$0, d0
001546: 0800                 .byte    0x08, 0x00
001548: 0900                 btst.l   d4, d0
00154a: 0a000000             eori.b   #$0, d0
00154e: 0800                 .byte    0x08, 0x00
001550: 0900                 btst.l   d4, d0
001552: 0a000000             eori.b   #$0, d0
001556: 0800                 .byte    0x08, 0x00
001558: 0900                 btst.l   d4, d0
00155a: 0a000000             eori.b   #$0, d0
00155e: 0800                 .byte    0x08, 0x00
001560: 0900                 btst.l   d4, d0
001562: 0a000000             eori.b   #$0, d0
001566: 0800                 .byte    0x08, 0x00
001568: 0900                 btst.l   d4, d0
00156a: 0a000000             eori.b   #$0, d0
00156e: 0800                 .byte    0x08, 0x00
001570: 0900                 btst.l   d4, d0
001572: 0a000000             eori.b   #$0, d0
001576: 0800                 .byte    0x08, 0x00
001578: 0900                 btst.l   d4, d0
00157a: 0a000000             eori.b   #$0, d0
00157e: 0800                 .byte    0x08, 0x00
001580: 0900                 btst.l   d4, d0
001582: 0a000000             eori.b   #$0, d0
001586: 0800                 .byte    0x08, 0x00
001588: 0900                 btst.l   d4, d0
00158a: 0a000000             eori.b   #$0, d0
00158e: 0800                 .byte    0x08, 0x00
001590: 0900                 btst.l   d4, d0
001592: 0a000000             eori.b   #$0, d0
001596: 0800                 .byte    0x08, 0x00
001598: 0900                 btst.l   d4, d0
00159a: 0a000000             eori.b   #$0, d0
00159e: 0800                 .byte    0x08, 0x00
0015a0: 0900                 btst.l   d4, d0
0015a2: 0a000000             eori.b   #$0, d0
0015a6: 0800                 .byte    0x08, 0x00
0015a8: 0900                 btst.l   d4, d0
0015aa: 0a000000             eori.b   #$0, d0
0015ae: 0800                 .byte    0x08, 0x00
0015b0: 0900                 btst.l   d4, d0
0015b2: 0a000000             eori.b   #$0, d0
0015b6: 0800                 .byte    0x08, 0x00
0015b8: 0900                 btst.l   d4, d0
0015ba: 0a000000             eori.b   #$0, d0
0015be: 0800                 .byte    0x08, 0x00
0015c0: 0900                 btst.l   d4, d0
0015c2: 0a000000             eori.b   #$0, d0
0015c6: 0800                 .byte    0x08, 0x00
0015c8: 0900                 btst.l   d4, d0
0015ca: 0a000000             eori.b   #$0, d0
0015ce: 0800                 .byte    0x08, 0x00
0015d0: 0900                 btst.l   d4, d0
0015d2: 0a000000             eori.b   #$0, d0
0015d6: 0800                 .byte    0x08, 0x00
0015d8: 0900                 btst.l   d4, d0
0015da: 0a000000             eori.b   #$0, d0
0015de: 0800                 .byte    0x08, 0x00
0015e0: 0900                 btst.l   d4, d0
0015e2: 0a000000             eori.b   #$0, d0
0015e6: 0800                 .byte    0x08, 0x00
0015e8: 0900                 btst.l   d4, d0
0015ea: 0a000000             eori.b   #$0, d0
0015ee: 0800                 .byte    0x08, 0x00
0015f0: 0900                 btst.l   d4, d0
0015f2: 0a000000             eori.b   #$0, d0
0015f6: 0800                 .byte    0x08, 0x00
0015f8: 0900                 btst.l   d4, d0
0015fa: 0a000000             eori.b   #$0, d0
0015fe: 0800                 .byte    0x08, 0x00
001600: 0900                 btst.l   d4, d0
001602: 0a000000             eori.b   #$0, d0
001606: 0800                 .byte    0x08, 0x00
001608: 0900                 btst.l   d4, d0
00160a: 0a000000             eori.b   #$0, d0
00160e: 0800                 .byte    0x08, 0x00
001610: 0900                 btst.l   d4, d0
001612: 0a000000             eori.b   #$0, d0
001616: 0800                 .byte    0x08, 0x00
001618: 0900                 btst.l   d4, d0
00161a: 0a000000             eori.b   #$0, d0
00161e: 0800                 .byte    0x08, 0x00
001620: 0900                 btst.l   d4, d0
001622: 0a000000             eori.b   #$0, d0
001626: 0800                 .byte    0x08, 0x00
001628: 0900                 btst.l   d4, d0
00162a: 0a000000             eori.b   #$0, d0
00162e: 0800                 .byte    0x08, 0x00
001630: 0900                 btst.l   d4, d0
001632: 0a000000             eori.b   #$0, d0
001636: 0800                 .byte    0x08, 0x00
001638: 0900                 btst.l   d4, d0
00163a: 0a000000             eori.b   #$0, d0
00163e: 0800                 .byte    0x08, 0x00
001640: 0900                 btst.l   d4, d0
001642: 0a000000             eori.b   #$0, d0
001646: 0800                 .byte    0x08, 0x00
001648: 0900                 btst.l   d4, d0
00164a: 0a000000             eori.b   #$0, d0
00164e: 0800                 .byte    0x08, 0x00
001650: 0900                 btst.l   d4, d0
001652: 0a000000             eori.b   #$0, d0
001656: 0800                 .byte    0x08, 0x00
001658: 0900                 btst.l   d4, d0
00165a: 0a000000             eori.b   #$0, d0
00165e: 0800                 .byte    0x08, 0x00
001660: 0900                 btst.l   d4, d0
001662: 0a000000             eori.b   #$0, d0
001666: 0800                 .byte    0x08, 0x00
001668: 0900                 btst.l   d4, d0
00166a: 0a000000             eori.b   #$0, d0
00166e: 0800                 .byte    0x08, 0x00
001670: 0900                 btst.l   d4, d0
001672: 0a000000             eori.b   #$0, d0
001676: 0800                 .byte    0x08, 0x00
001678: 0900                 btst.l   d4, d0
00167a: 0a000000             eori.b   #$0, d0
00167e: 0800                 .byte    0x08, 0x00
001680: 0900                 btst.l   d4, d0
001682: 0a000000             eori.b   #$0, d0
001686: 0800                 .byte    0x08, 0x00
001688: 0900                 btst.l   d4, d0
00168a: 0a000000             eori.b   #$0, d0
00168e: 0800                 .byte    0x08, 0x00
001690: 0900                 btst.l   d4, d0
001692: 0a000000             eori.b   #$0, d0
001696: 0800                 .byte    0x08, 0x00
001698: 0900                 btst.l   d4, d0
00169a: 0a000000             eori.b   #$0, d0
00169e: 0800                 .byte    0x08, 0x00
0016a0: 0900                 btst.l   d4, d0
0016a2: 0a000000             eori.b   #$0, d0
0016a6: 0800                 .byte    0x08, 0x00
0016a8: 0900                 btst.l   d4, d0
0016aa: 0a000000             eori.b   #$0, d0
0016ae: 0800                 .byte    0x08, 0x00
0016b0: 0900                 btst.l   d4, d0
0016b2: 0a000000             eori.b   #$0, d0
0016b6: 0800                 .byte    0x08, 0x00
0016b8: 0900                 btst.l   d4, d0
0016ba: 0a000000             eori.b   #$0, d0
0016be: 0800                 .byte    0x08, 0x00
0016c0: 0900                 btst.l   d4, d0
0016c2: 0a000000             eori.b   #$0, d0
0016c6: 0800                 .byte    0x08, 0x00
0016c8: 0900                 btst.l   d4, d0
0016ca: 0a000000             eori.b   #$0, d0
0016ce: 0800                 .byte    0x08, 0x00
0016d0: 0900                 btst.l   d4, d0
0016d2: 0a000000             eori.b   #$0, d0
0016d6: 0800                 .byte    0x08, 0x00
0016d8: 0900                 btst.l   d4, d0
0016da: 0a000000             eori.b   #$0, d0
0016de: 0800                 .byte    0x08, 0x00
0016e0: 0900                 btst.l   d4, d0
0016e2: 0a000000             eori.b   #$0, d0
0016e6: 0800                 .byte    0x08, 0x00
0016e8: 0900                 btst.l   d4, d0
0016ea: 0a000000             eori.b   #$0, d0
0016ee: 0800                 .byte    0x08, 0x00
0016f0: 0900                 btst.l   d4, d0
0016f2: 0a000000             eori.b   #$0, d0
0016f6: 0800                 .byte    0x08, 0x00
0016f8: 0900                 btst.l   d4, d0
0016fa: 0a000000             eori.b   #$0, d0
0016fe: 0800                 .byte    0x08, 0x00
001700: 0900                 btst.l   d4, d0
001702: 0a000000             eori.b   #$0, d0
001706: 0800                 .byte    0x08, 0x00
001708: 0900                 btst.l   d4, d0
00170a: 0a000000             eori.b   #$0, d0
00170e: 0800                 .byte    0x08, 0x00
001710: 0900                 btst.l   d4, d0
001712: 0a000000             eori.b   #$0, d0
001716: 0800                 .byte    0x08, 0x00
001718: 0900                 btst.l   d4, d0
00171a: 0a000000             eori.b   #$0, d0
00171e: 0800                 .byte    0x08, 0x00
001720: 0900                 btst.l   d4, d0
001722: 0a000000             eori.b   #$0, d0
001726: 0800                 .byte    0x08, 0x00
001728: 0900                 btst.l   d4, d0
00172a: 0a000000             eori.b   #$0, d0
00172e: 0800                 .byte    0x08, 0x00
001730: 0900                 btst.l   d4, d0
001732: 0a000000             eori.b   #$0, d0
001736: 0800                 .byte    0x08, 0x00
001738: 0900                 btst.l   d4, d0
00173a: 0a000000             eori.b   #$0, d0
00173e: 0800                 .byte    0x08, 0x00
001740: 0900                 btst.l   d4, d0
001742: 0a000000             eori.b   #$0, d0
001746: 0800                 .byte    0x08, 0x00
001748: 0900                 btst.l   d4, d0
00174a: 0a000000             eori.b   #$0, d0
00174e: 0800                 .byte    0x08, 0x00
001750: 0900                 btst.l   d4, d0
001752: 0a000000             eori.b   #$0, d0
001756: 0800                 .byte    0x08, 0x00
001758: 0900                 btst.l   d4, d0
00175a: 0a000000             eori.b   #$0, d0
00175e: 0800                 .byte    0x08, 0x00
001760: 0900                 btst.l   d4, d0
001762: 0a000000             eori.b   #$0, d0
001766: 0800                 .byte    0x08, 0x00
001768: 0900                 btst.l   d4, d0
00176a: 0a000000             eori.b   #$0, d0
00176e: 0800                 .byte    0x08, 0x00
001770: 0900                 btst.l   d4, d0
001772: 0a000000             eori.b   #$0, d0
001776: 0800                 .byte    0x08, 0x00
001778: 0900                 btst.l   d4, d0
00177a: 0a000000             eori.b   #$0, d0
00177e: 0800                 .byte    0x08, 0x00
001780: 0900                 btst.l   d4, d0
001782: 0a000000             eori.b   #$0, d0
001786: 0800                 .byte    0x08, 0x00
001788: 0900                 btst.l   d4, d0
00178a: 0a000000             eori.b   #$0, d0
00178e: 0800                 .byte    0x08, 0x00
001790: 0900                 btst.l   d4, d0
001792: 0a000000             eori.b   #$0, d0
001796: 0800                 .byte    0x08, 0x00
001798: 0900                 btst.l   d4, d0
00179a: 0a000000             eori.b   #$0, d0
00179e: 0800                 .byte    0x08, 0x00
0017a0: 0900                 btst.l   d4, d0
0017a2: 0a000000             eori.b   #$0, d0
0017a6: 0800                 .byte    0x08, 0x00
0017a8: 0900                 btst.l   d4, d0
0017aa: 0a000000             eori.b   #$0, d0
0017ae: 0800                 .byte    0x08, 0x00
0017b0: 0900                 btst.l   d4, d0
0017b2: 0a000000             eori.b   #$0, d0
0017b6: 0800                 .byte    0x08, 0x00
0017b8: 0900                 btst.l   d4, d0
0017ba: 0a000000             eori.b   #$0, d0
0017be: 0800                 .byte    0x08, 0x00
0017c0: 0900                 btst.l   d4, d0
0017c2: 0a000000             eori.b   #$0, d0
0017c6: 0800                 .byte    0x08, 0x00
0017c8: 0900                 btst.l   d4, d0
0017ca: 0a000000             eori.b   #$0, d0
0017ce: 0800                 .byte    0x08, 0x00
0017d0: 0900                 btst.l   d4, d0
0017d2: 0a000000             eori.b   #$0, d0
0017d6: 0800                 .byte    0x08, 0x00
0017d8: 0900                 btst.l   d4, d0
0017da: 0a000000             eori.b   #$0, d0
0017de: 0800                 .byte    0x08, 0x00
0017e0: 0900                 btst.l   d4, d0
0017e2: 0a000000             eori.b   #$0, d0
0017e6: 0800                 .byte    0x08, 0x00
0017e8: 0900                 btst.l   d4, d0
0017ea: 0a000000             eori.b   #$0, d0
0017ee: 0800                 .byte    0x08, 0x00
0017f0: 0900                 btst.l   d4, d0
0017f2: 0a000000             eori.b   #$0, d0
0017f6: 0800                 .byte    0x08, 0x00
0017f8: 0900                 btst.l   d4, d0
0017fa: 0a000000             eori.b   #$0, d0
0017fe: 0800                 .byte    0x08, 0x00
001800: 0900                 btst.l   d4, d0
001802: 0a000000             eori.b   #$0, d0
001806: 0800                 .byte    0x08, 0x00
001808: 0900                 btst.l   d4, d0
00180a: 0a000000             eori.b   #$0, d0
00180e: 0800                 .byte    0x08, 0x00
001810: 0900                 btst.l   d4, d0
001812: 0a000000             eori.b   #$0, d0
001816: 0800                 .byte    0x08, 0x00
001818: 0900                 btst.l   d4, d0
00181a: 0a000000             eori.b   #$0, d0
00181e: 0800                 .byte    0x08, 0x00
001820: 0900                 btst.l   d4, d0
001822: 0a000000             eori.b   #$0, d0
001826: 0800                 .byte    0x08, 0x00
001828: 0900                 btst.l   d4, d0
00182a: 0a000000             eori.b   #$0, d0
00182e: 0800                 .byte    0x08, 0x00
001830: 0900                 btst.l   d4, d0
001832: 0a000000             eori.b   #$0, d0
001836: 0800                 .byte    0x08, 0x00
001838: 0900                 btst.l   d4, d0
00183a: 0a000000             eori.b   #$0, d0
00183e: 0800                 .byte    0x08, 0x00
001840: 0900                 btst.l   d4, d0
001842: 0a000000             eori.b   #$0, d0
001846: 0800                 .byte    0x08, 0x00
001848: 0900                 btst.l   d4, d0
00184a: 0a000000             eori.b   #$0, d0
00184e: 0800                 .byte    0x08, 0x00
001850: 0900                 btst.l   d4, d0
001852: 0a000000             eori.b   #$0, d0
001856: 0800                 .byte    0x08, 0x00
001858: 0900                 btst.l   d4, d0
00185a: 0a000000             eori.b   #$0, d0
00185e: 0800                 .byte    0x08, 0x00
001860: 0900                 btst.l   d4, d0
001862: 0a000000             eori.b   #$0, d0
001866: 0800                 .byte    0x08, 0x00
001868: 0900                 btst.l   d4, d0
00186a: 0a000000             eori.b   #$0, d0
00186e: 0800                 .byte    0x08, 0x00
001870: 0900                 btst.l   d4, d0
001872: 0a000000             eori.b   #$0, d0
001876: 0800                 .byte    0x08, 0x00
001878: 0900                 btst.l   d4, d0
00187a: 0a000000             eori.b   #$0, d0
00187e: 0800                 .byte    0x08, 0x00
001880: 0900                 btst.l   d4, d0
001882: 0a000000             eori.b   #$0, d0
001886: 0800                 .byte    0x08, 0x00
001888: 0900                 btst.l   d4, d0
00188a: 0a000000             eori.b   #$0, d0
00188e: 0800                 .byte    0x08, 0x00
001890: 0900                 btst.l   d4, d0
001892: 0a000000             eori.b   #$0, d0
001896: 0800                 .byte    0x08, 0x00
001898: 0900                 btst.l   d4, d0
00189a: 0a000000             eori.b   #$0, d0
00189e: 0800                 .byte    0x08, 0x00
0018a0: 0900                 btst.l   d4, d0
0018a2: 0a000000             eori.b   #$0, d0
0018a6: 0800                 .byte    0x08, 0x00
0018a8: 0900                 btst.l   d4, d0
0018aa: 0a000000             eori.b   #$0, d0
0018ae: 0800                 .byte    0x08, 0x00
0018b0: 0900                 btst.l   d4, d0
0018b2: 0a000000             eori.b   #$0, d0
0018b6: 0800                 .byte    0x08, 0x00
0018b8: 0900                 btst.l   d4, d0
0018ba: 0a000000             eori.b   #$0, d0
0018be: 0800                 .byte    0x08, 0x00
0018c0: 0900                 btst.l   d4, d0
0018c2: 0a000000             eori.b   #$0, d0
0018c6: 0800                 .byte    0x08, 0x00
0018c8: 0900                 btst.l   d4, d0
0018ca: 0a000000             eori.b   #$0, d0
0018ce: 0800                 .byte    0x08, 0x00
0018d0: 0900                 btst.l   d4, d0
0018d2: 0a000000             eori.b   #$0, d0
0018d6: 0800                 .byte    0x08, 0x00
0018d8: 0900                 btst.l   d4, d0
0018da: 0a000000             eori.b   #$0, d0
0018de: 0800                 .byte    0x08, 0x00
0018e0: 0900                 btst.l   d4, d0
0018e2: 0a000000             eori.b   #$0, d0
0018e6: 0800                 .byte    0x08, 0x00
0018e8: 0900                 btst.l   d4, d0
0018ea: 0a000000             eori.b   #$0, d0
0018ee: 0800                 .byte    0x08, 0x00
0018f0: 0900                 btst.l   d4, d0
0018f2: 0a000000             eori.b   #$0, d0
0018f6: 0800                 .byte    0x08, 0x00
0018f8: 0900                 btst.l   d4, d0
0018fa: 0a000000             eori.b   #$0, d0
0018fe: 0800                 .byte    0x08, 0x00
001900: 0900                 btst.l   d4, d0
001902: 0a000000             eori.b   #$0, d0
001906: 0800                 .byte    0x08, 0x00
001908: 0900                 btst.l   d4, d0
00190a: 0a000000             eori.b   #$0, d0
00190e: 0800                 .byte    0x08, 0x00
001910: 0900                 btst.l   d4, d0
001912: 0a000000             eori.b   #$0, d0
001916: 0800                 .byte    0x08, 0x00
001918: 0900                 btst.l   d4, d0
00191a: 0a000000             eori.b   #$0, d0
00191e: 0800                 .byte    0x08, 0x00
001920: 0900                 btst.l   d4, d0
001922: 0a000000             eori.b   #$0, d0
001926: 0800                 .byte    0x08, 0x00
001928: 0900                 btst.l   d4, d0
00192a: 0a000000             eori.b   #$0, d0
00192e: 0800                 .byte    0x08, 0x00
001930: 0900                 btst.l   d4, d0
001932: 0a000000             eori.b   #$0, d0
001936: 0800                 .byte    0x08, 0x00
001938: 0900                 btst.l   d4, d0
00193a: 0a000000             eori.b   #$0, d0
00193e: 0800                 .byte    0x08, 0x00
001940: 0900                 btst.l   d4, d0
001942: 0a000000             eori.b   #$0, d0
001946: 0800                 .byte    0x08, 0x00
001948: 0900                 btst.l   d4, d0
00194a: 0a000000             eori.b   #$0, d0
00194e: 0800                 .byte    0x08, 0x00
001950: 0900                 btst.l   d4, d0
001952: 0a000000             eori.b   #$0, d0
001956: 0800                 .byte    0x08, 0x00
001958: 0900                 btst.l   d4, d0
00195a: 0a000000             eori.b   #$0, d0
00195e: 0800                 .byte    0x08, 0x00
001960: 0900                 btst.l   d4, d0
001962: 0a000000             eori.b   #$0, d0
001966: 0800                 .byte    0x08, 0x00
001968: 0900                 btst.l   d4, d0
00196a: 0a000000             eori.b   #$0, d0
00196e: 0800                 .byte    0x08, 0x00
001970: 0900                 btst.l   d4, d0
001972: 0a000000             eori.b   #$0, d0
001976: 0800                 .byte    0x08, 0x00
001978: 0900                 btst.l   d4, d0
00197a: 0a000000             eori.b   #$0, d0
00197e: 0800                 .byte    0x08, 0x00
001980: 0900                 btst.l   d4, d0
001982: 0a000000             eori.b   #$0, d0
001986: 0800                 .byte    0x08, 0x00
001988: 0900                 btst.l   d4, d0
00198a: 0a000000             eori.b   #$0, d0
00198e: 0800                 .byte    0x08, 0x00
001990: 0900                 btst.l   d4, d0
001992: 0a000000             eori.b   #$0, d0
001996: 0800                 .byte    0x08, 0x00
001998: 0900                 btst.l   d4, d0
00199a: 0a000000             eori.b   #$0, d0
00199e: 0800                 .byte    0x08, 0x00
0019a0: 0900                 btst.l   d4, d0
0019a2: 0a000000             eori.b   #$0, d0
0019a6: 0800                 .byte    0x08, 0x00
0019a8: 0900                 btst.l   d4, d0
0019aa: 0a000000             eori.b   #$0, d0
0019ae: 0800                 .byte    0x08, 0x00
0019b0: 0900                 btst.l   d4, d0
0019b2: 0a000000             eori.b   #$0, d0
0019b6: 0800                 .byte    0x08, 0x00
0019b8: 0900                 btst.l   d4, d0
0019ba: 0a000000             eori.b   #$0, d0
0019be: 0800                 .byte    0x08, 0x00
0019c0: 0900                 btst.l   d4, d0
0019c2: 0a000000             eori.b   #$0, d0
0019c6: 0800                 .byte    0x08, 0x00
0019c8: 0900                 btst.l   d4, d0
0019ca: 0a000000             eori.b   #$0, d0
0019ce: 0800                 .byte    0x08, 0x00
0019d0: 0900                 btst.l   d4, d0
0019d2: 0a000000             eori.b   #$0, d0
0019d6: 0800                 .byte    0x08, 0x00
0019d8: 0900                 btst.l   d4, d0
0019da: 0a000000             eori.b   #$0, d0
0019de: 0800                 .byte    0x08, 0x00
0019e0: 0900                 btst.l   d4, d0
0019e2: 0a000000             eori.b   #$0, d0
0019e6: 0800                 .byte    0x08, 0x00
0019e8: 0900                 btst.l   d4, d0
0019ea: 0a000000             eori.b   #$0, d0
0019ee: 0800                 .byte    0x08, 0x00
0019f0: 0900                 btst.l   d4, d0
0019f2: 0a000000             eori.b   #$0, d0
0019f6: 0800                 .byte    0x08, 0x00
0019f8: 0900                 btst.l   d4, d0
0019fa: 0a000000             eori.b   #$0, d0
0019fe: 0800                 .byte    0x08, 0x00
001a00: 0900                 btst.l   d4, d0
001a02: 0a000000             eori.b   #$0, d0
001a06: 0800                 .byte    0x08, 0x00
001a08: 0900                 btst.l   d4, d0
001a0a: 0a000000             eori.b   #$0, d0
001a0e: 0800                 .byte    0x08, 0x00
001a10: 0900                 btst.l   d4, d0
001a12: 0a000000             eori.b   #$0, d0
001a16: 0800                 .byte    0x08, 0x00
001a18: 0900                 btst.l   d4, d0
001a1a: 0a000000             eori.b   #$0, d0
001a1e: 0800                 .byte    0x08, 0x00
001a20: 0900                 btst.l   d4, d0
001a22: 0a000000             eori.b   #$0, d0
001a26: 0800                 .byte    0x08, 0x00
001a28: 0900                 btst.l   d4, d0
001a2a: 0a000000             eori.b   #$0, d0
001a2e: 0800                 .byte    0x08, 0x00
001a30: 0900                 btst.l   d4, d0
001a32: 0a000000             eori.b   #$0, d0
001a36: 0800                 .byte    0x08, 0x00
001a38: 0900                 btst.l   d4, d0
001a3a: 0a000000             eori.b   #$0, d0
001a3e: 0800                 .byte    0x08, 0x00
001a40: 0900                 btst.l   d4, d0
001a42: 0a000000             eori.b   #$0, d0
001a46: 0802                 .byte    0x08, 0x02
001a48: 0900                 btst.l   d4, d0
001a4a: 0a000000             eori.b   #$0, d0
001a4e: 0803                 .byte    0x08, 0x03
001a50: 0900                 btst.l   d4, d0
001a52: 0a000000             eori.b   #$0, d0
001a56: 0804                 .byte    0x08, 0x04
001a58: 0900                 btst.l   d4, d0
001a5a: 0a000000             eori.b   #$0, d0
001a5e: 0805                 .byte    0x08, 0x05
001a60: 0900                 btst.l   d4, d0
001a62: 0a000000             eori.b   #$0, d0
001a66: 0805                 .byte    0x08, 0x05
001a68: 0901                 btst.l   d4, d1
001a6a: 0a000000             eori.b   #$0, d0
001a6e: 0806                 .byte    0x08, 0x06
001a70: 0900                 btst.l   d4, d0
001a72: 0a000000             eori.b   #$0, d0
001a76: 0806                 .byte    0x08, 0x06
001a78: 0900                 btst.l   d4, d0
001a7a: 0a000000             eori.b   #$0, d0
001a7e: 0806                 .byte    0x08, 0x06
001a80: 0902                 btst.l   d4, d2
001a82: 0a000000             eori.b   #$0, d0
001a86: 0807                 .byte    0x08, 0x07
001a88: 0900                 btst.l   d4, d0
001a8a: 0a000000             eori.b   #$0, d0
001a8e: 0807                 .byte    0x08, 0x07
001a90: 0902                 btst.l   d4, d2
001a92: 0a000000             eori.b   #$0, d0
001a96: 0807                 .byte    0x08, 0x07
001a98: 0903                 btst.l   d4, d3
001a9a: 0a000000             eori.b   #$0, d0
001a9e: 0808                 .byte    0x08, 0x08
001aa0: 0900                 btst.l   d4, d0
001aa2: 0a000000             eori.b   #$0, d0
001aa6: 0808                 .byte    0x08, 0x08
001aa8: 0900                 btst.l   d4, d0
001aaa: 0a000000             eori.b   #$0, d0
001aae: 0808                 .byte    0x08, 0x08
001ab0: 0902                 btst.l   d4, d2
001ab2: 0a000000             eori.b   #$0, d0
001ab6: 0808                 .byte    0x08, 0x08
001ab8: 0903                 btst.l   d4, d3
001aba: 0a000000             eori.b   #$0, d0
001abe: 0809                 .byte    0x08, 0x09
001ac0: 0900                 btst.l   d4, d0
001ac2: 0a000000             eori.b   #$0, d0
001ac6: 0809                 .byte    0x08, 0x09
001ac8: 0901                 btst.l   d4, d1
001aca: 0a000000             eori.b   #$0, d0
001ace: 0809                 .byte    0x08, 0x09
001ad0: 0902                 btst.l   d4, d2
001ad2: 0a000000             eori.b   #$0, d0
001ad6: 0809                 .byte    0x08, 0x09
001ad8: 0903                 btst.l   d4, d3
001ada: 0a000000             eori.b   #$0, d0
001ade: 0809                 .byte    0x08, 0x09
001ae0: 0904                 btst.l   d4, d4
001ae2: 0a000000             eori.b   #$0, d0
001ae6: 0809                 .byte    0x08, 0x09
001ae8: 0905                 btst.l   d4, d5
001aea: 0a000000             eori.b   #$0, d0
001aee: 0809                 .byte    0x08, 0x09
001af0: 0905                 btst.l   d4, d5
001af2: 0a010000             eori.b   #$0, d1
001af6: 080a                 .byte    0x08, 0x0a
001af8: 0900                 btst.l   d4, d0
001afa: 0a000000             eori.b   #$0, d0
001afe: 080a                 .byte    0x08, 0x0a
001b00: 0902                 btst.l   d4, d2
001b02: 0a000000             eori.b   #$0, d0
001b06: 080a                 .byte    0x08, 0x0a
001b08: 0903                 btst.l   d4, d3
001b0a: 0a000000             eori.b   #$0, d0
001b0e: 080a                 .byte    0x08, 0x0a
001b10: 0904                 btst.l   d4, d4
001b12: 0a000000             eori.b   #$0, d0
001b16: 080a                 .byte    0x08, 0x0a
001b18: 0905                 btst.l   d4, d5
001b1a: 0a000000             eori.b   #$0, d0
001b1e: 080a                 .byte    0x08, 0x0a
001b20: 0905                 btst.l   d4, d5
001b22: 0a000000             eori.b   #$0, d0
001b26: 080a                 .byte    0x08, 0x0a
001b28: 0905                 btst.l   d4, d5
001b2a: 0a020000             eori.b   #$0, d2
001b2e: 080a                 .byte    0x08, 0x0a
001b30: 0906                 btst.l   d4, d6
001b32: 0a000000             eori.b   #$0, d0
001b36: 080a                 .byte    0x08, 0x0a
001b38: 0906                 btst.l   d4, d6
001b3a: 0a020000             eori.b   #$0, d2
001b3e: 080a                 .byte    0x08, 0x0a
001b40: 0907                 btst.l   d4, d7
001b42: 0a000000             eori.b   #$0, d0
001b46: 080a                 .byte    0x08, 0x0a
001b48: 0907                 btst.l   d4, d7
001b4a: 0a010000             eori.b   #$0, d1
001b4e: 080b                 .byte    0x08, 0x0b
001b50: 0900                 btst.l   d4, d0
001b52: 0a000000             eori.b   #$0, d0
001b56: 080b                 .byte    0x08, 0x0b
001b58: 0901                 btst.l   d4, d1
001b5a: 0a000000             eori.b   #$0, d0
001b5e: 080b                 .byte    0x08, 0x0b
001b60: 0903                 btst.l   d4, d3
001b62: 0a000000             eori.b   #$0, d0
001b66: 080b                 .byte    0x08, 0x0b
001b68: 0904                 btst.l   d4, d4
001b6a: 0a000000             eori.b   #$0, d0
001b6e: 080b                 .byte    0x08, 0x0b
001b70: 0904                 btst.l   d4, d4
001b72: 0a000000             eori.b   #$0, d0
001b76: 080b                 .byte    0x08, 0x0b
001b78: 0905                 btst.l   d4, d5
001b7a: 0a000000             eori.b   #$0, d0
001b7e: 080b                 .byte    0x08, 0x0b
001b80: 0905                 btst.l   d4, d5
001b82: 0a020000             eori.b   #$0, d2
001b86: 080b                 .byte    0x08, 0x0b
001b88: 0906                 btst.l   d4, d6
001b8a: 0a000000             eori.b   #$0, d0
001b8e: 080b                 .byte    0x08, 0x0b
001b90: 0906                 btst.l   d4, d6
001b92: 0a010000             eori.b   #$0, d1
001b96: 080b                 .byte    0x08, 0x0b
001b98: 0907                 btst.l   d4, d7
001b9a: 0a000000             eori.b   #$0, d0
001b9e: 080b                 .byte    0x08, 0x0b
001ba0: 0907                 btst.l   d4, d7
001ba2: 0a010000             eori.b   #$0, d1
001ba6: 080b                 .byte    0x08, 0x0b
001ba8: 0907                 btst.l   d4, d7
001baa: 0a020000             eori.b   #$0, d2
001bae: 080b                 .byte    0x08, 0x0b
001bb0: 0907                 btst.l   d4, d7
001bb2: 0a030000             eori.b   #$0, d3
001bb6: 080b                 .byte    0x08, 0x0b
001bb8: 09080a00             movep.w  $a00(a0), d4
001bbc: 0000080b             ori.b    #$b, d0
001bc0: 09080a01             movep.w  $a01(a0), d4
001bc4: 0000080b             ori.b    #$b, d0
001bc8: 09080a03             movep.w  $a03(a0), d4
001bcc: 0000080b             ori.b    #$b, d0
001bd0: 09080a04             movep.w  $a04(a0), d4
001bd4: 0000080b             ori.b    #$b, d0
001bd8: 09090a00             movep.w  $a00(a1), d4
001bdc: 0000080c             ori.b    #$c, d0
001be0: 0900                 btst.l   d4, d0
001be2: 0a000000             eori.b   #$0, d0
001be6: 080c                 .byte    0x08, 0x0c
001be8: 0902                 btst.l   d4, d2
001bea: 0a000000             eori.b   #$0, d0
001bee: 080c                 .byte    0x08, 0x0c
001bf0: 0903                 btst.l   d4, d3
001bf2: 0a000000             eori.b   #$0, d0
001bf6: 080c                 .byte    0x08, 0x0c
001bf8: 0904                 btst.l   d4, d4
001bfa: 0a000000             eori.b   #$0, d0
001bfe: 080c                 .byte    0x08, 0x0c
001c00: 0905                 btst.l   d4, d5
001c02: 0a000000             eori.b   #$0, d0
001c06: 080c                 .byte    0x08, 0x0c
001c08: 0905                 btst.l   d4, d5
001c0a: 0a010000             eori.b   #$0, d1
001c0e: 080c                 .byte    0x08, 0x0c
001c10: 0905                 btst.l   d4, d5
001c12: 0a020000             eori.b   #$0, d2
001c16: 080c                 .byte    0x08, 0x0c
001c18: 0906                 btst.l   d4, d6
001c1a: 0a000000             eori.b   #$0, d0
001c1e: 080c                 .byte    0x08, 0x0c
001c20: 0906                 btst.l   d4, d6
001c22: 0a020000             eori.b   #$0, d2
001c26: 080c                 .byte    0x08, 0x0c
001c28: 0907                 btst.l   d4, d7
001c2a: 0a000000             eori.b   #$0, d0
001c2e: 080c                 .byte    0x08, 0x0c
001c30: 0907                 btst.l   d4, d7
001c32: 0a020000             eori.b   #$0, d2
001c36: 080c                 .byte    0x08, 0x0c
001c38: 0907                 btst.l   d4, d7
001c3a: 0a030000             eori.b   #$0, d3
001c3e: 080c                 .byte    0x08, 0x0c
001c40: 09080a00             movep.w  $a00(a0), d4
001c44: 0000080c             ori.b    #$c, d0
001c48: 09080a00             movep.w  $a00(a0), d4
001c4c: 0000080c             ori.b    #$c, d0
001c50: 09080a02             movep.w  $a02(a0), d4
001c54: 0000080c             ori.b    #$c, d0
001c58: 09080a03             movep.w  $a03(a0), d4
001c5c: 0000080c             ori.b    #$c, d0
001c60: 09090a00             movep.w  $a00(a1), d4
001c64: 0000080c             ori.b    #$c, d0
001c68: 09090a00             movep.w  $a00(a1), d4
001c6c: 0000080c             ori.b    #$c, d0
001c70: 09090a02             movep.w  $a02(a1), d4
001c74: 0000080c             ori.b    #$c, d0
001c78: 09090a03             movep.w  $a03(a1), d4
001c7c: 0000080c             ori.b    #$c, d0
001c80: 09090a04             movep.w  $a04(a1), d4
001c84: 0000080c             ori.b    #$c, d0
001c88: 09090a05             movep.w  $a05(a1), d4
001c8c: 0000080c             ori.b    #$c, d0
001c90: 09090a05             movep.w  $a05(a1), d4
001c94: 0000080c             ori.b    #$c, d0
001c98: 090a0a00             movep.w  $a00(a2), d4
001c9c: 0000080d             ori.b    #$d, d0
001ca0: 0900                 btst.l   d4, d0
001ca2: 0a000000             eori.b   #$0, d0
001ca6: 080d                 .byte    0x08, 0x0d
001ca8: 0902                 btst.l   d4, d2
001caa: 0a000000             eori.b   #$0, d0
001cae: 080d                 .byte    0x08, 0x0d
001cb0: 0903                 btst.l   d4, d3
001cb2: 0a000000             eori.b   #$0, d0
001cb6: 080d                 .byte    0x08, 0x0d
001cb8: 0904                 btst.l   d4, d4
001cba: 0a000000             eori.b   #$0, d0
001cbe: 080d                 .byte    0x08, 0x0d
001cc0: 0905                 btst.l   d4, d5
001cc2: 0a000000             eori.b   #$0, d0
001cc6: 080d                 .byte    0x08, 0x0d
001cc8: 0905                 btst.l   d4, d5
001cca: 0a000000             eori.b   #$0, d0
001cce: 080d                 .byte    0x08, 0x0d
001cd0: 0905                 btst.l   d4, d5
001cd2: 0a020000             eori.b   #$0, d2
001cd6: 080d                 .byte    0x08, 0x0d
001cd8: 0906                 btst.l   d4, d6
001cda: 0a000000             eori.b   #$0, d0
001cde: 080d                 .byte    0x08, 0x0d
001ce0: 0906                 btst.l   d4, d6
001ce2: 0a020000             eori.b   #$0, d2
001ce6: 080d                 .byte    0x08, 0x0d
001ce8: 0907                 btst.l   d4, d7
001cea: 0a000000             eori.b   #$0, d0
001cee: 080d                 .byte    0x08, 0x0d
001cf0: 0907                 btst.l   d4, d7
001cf2: 0a010000             eori.b   #$0, d1
001cf6: 080d                 .byte    0x08, 0x0d
001cf8: 0907                 btst.l   d4, d7
001cfa: 0a030000             eori.b   #$0, d3
001cfe: 080d                 .byte    0x08, 0x0d
001d00: 0907                 btst.l   d4, d7
001d02: 0a040000             eori.b   #$0, d4
001d06: 080d                 .byte    0x08, 0x0d
001d08: 09080a00             movep.w  $a00(a0), d4
001d0c: 0000080d             ori.b    #$d, d0
001d10: 09080a02             movep.w  $a02(a0), d4
001d14: 0000080d             ori.b    #$d, d0
001d18: 09080a03             movep.w  $a03(a0), d4
001d1c: 0000080d             ori.b    #$d, d0
001d20: 09090a00             movep.w  $a00(a1), d4
001d24: 0000080d             ori.b    #$d, d0
001d28: 09090a00             movep.w  $a00(a1), d4
001d2c: 0000080d             ori.b    #$d, d0
001d30: 09090a02             movep.w  $a02(a1), d4
001d34: 0000080d             ori.b    #$d, d0
001d38: 09090a03             movep.w  $a03(a1), d4
001d3c: 0000080d             ori.b    #$d, d0
001d40: 09090a04             movep.w  $a04(a1), d4
001d44: 0000080d             ori.b    #$d, d0
001d48: 09090a05             movep.w  $a05(a1), d4
001d4c: 0000080d             ori.b    #$d, d0
001d50: 09090a05             movep.w  $a05(a1), d4
001d54: 0000080d             ori.b    #$d, d0
001d58: 090a0a00             movep.w  $a00(a2), d4
001d5c: 0000080d             ori.b    #$d, d0
001d60: 090a0a01             movep.w  $a01(a2), d4
001d64: 0000080d             ori.b    #$d, d0
001d68: 090a0a03             movep.w  $a03(a2), d4
001d6c: 0000080d             ori.b    #$d, d0
001d70: 090a0a04             movep.w  $a04(a2), d4
001d74: 0000080d             ori.b    #$d, d0
001d78: 090a0a04             movep.w  $a04(a2), d4
001d7c: 0000080d             ori.b    #$d, d0
001d80: 090a0a05             movep.w  $a05(a2), d4
001d84: 0000080d             ori.b    #$d, d0
001d88: 090a0a05             movep.w  $a05(a2), d4
001d8c: 0000080d             ori.b    #$d, d0
001d90: 090a0a06             movep.w  $a06(a2), d4
001d94: 0000080d             ori.b    #$d, d0
001d98: 090a0a06             movep.w  $a06(a2), d4
001d9c: 0000080d             ori.b    #$d, d0
001da0: 090a0a07             movep.w  $a07(a2), d4
001da4: 0000080d             ori.b    #$d, d0
001da8: 090a0a07             movep.w  $a07(a2), d4
001dac: 0000080d             ori.b    #$d, d0
001db0: 090b0a00             movep.w  $a00(a3), d4
001db4: 0000080d             ori.b    #$d, d0
001db8: 090b0a01             movep.w  $a01(a3), d4
001dbc: 0000080d             ori.b    #$d, d0
001dc0: 090b0a02             movep.w  $a02(a3), d4
001dc4: 0000080d             ori.b    #$d, d0
001dc8: 090b0a03             movep.w  $a03(a3), d4
001dcc: 0000080d             ori.b    #$d, d0
001dd0: 090b0a04             movep.w  $a04(a3), d4
001dd4: 0000080d             ori.b    #$d, d0
001dd8: 090b0a05             movep.w  $a05(a3), d4
001ddc: 0000080d             ori.b    #$d, d0
001de0: 090b0a05             movep.w  $a05(a3), d4
001de4: 0000080d             ori.b    #$d, d0
001de8: 090b0a06             movep.w  $a06(a3), d4
001dec: 0000080e             ori.b    #$e, d0
001df0: 0900                 btst.l   d4, d0
001df2: 0a000000             eori.b   #$0, d0
001df6: 080e                 .byte    0x08, 0x0e
001df8: 0901                 btst.l   d4, d1
001dfa: 0a000000             eori.b   #$0, d0
001dfe: 080e                 .byte    0x08, 0x0e
001e00: 0903                 btst.l   d4, d3
001e02: 0a000000             eori.b   #$0, d0
001e06: 080e                 .byte    0x08, 0x0e
001e08: 0904                 btst.l   d4, d4
001e0a: 0a000000             eori.b   #$0, d0
001e0e: 080e                 .byte    0x08, 0x0e
001e10: 0904                 btst.l   d4, d4
001e12: 0a010000             eori.b   #$0, d1
001e16: 080e                 .byte    0x08, 0x0e
001e18: 0905                 btst.l   d4, d5
001e1a: 0a000000             eori.b   #$0, d0
001e1e: 080e                 .byte    0x08, 0x0e
001e20: 0905                 btst.l   d4, d5
001e22: 0a020000             eori.b   #$0, d2
001e26: 080e                 .byte    0x08, 0x0e
001e28: 0906                 btst.l   d4, d6
001e2a: 0a000000             eori.b   #$0, d0
001e2e: 080e                 .byte    0x08, 0x0e
001e30: 0906                 btst.l   d4, d6
001e32: 0a010000             eori.b   #$0, d1
001e36: 080e                 .byte    0x08, 0x0e
001e38: 0907                 btst.l   d4, d7
001e3a: 0a000000             eori.b   #$0, d0
001e3e: 080e                 .byte    0x08, 0x0e
001e40: 0907                 btst.l   d4, d7
001e42: 0a010000             eori.b   #$0, d1
001e46: 080e                 .byte    0x08, 0x0e
001e48: 0907                 btst.l   d4, d7
001e4a: 0a030000             eori.b   #$0, d3
001e4e: 080e                 .byte    0x08, 0x0e
001e50: 0907                 btst.l   d4, d7
001e52: 0a040000             eori.b   #$0, d4
001e56: 080e                 .byte    0x08, 0x0e
001e58: 09080a00             movep.w  $a00(a0), d4
001e5c: 0000080e             ori.b    #$e, d0
001e60: 09080a01             movep.w  $a01(a0), d4
001e64: 0000080e             ori.b    #$e, d0
001e68: 09080a03             movep.w  $a03(a0), d4
001e6c: 0000080e             ori.b    #$e, d0
001e70: 09080a04             movep.w  $a04(a0), d4
001e74: 0000080e             ori.b    #$e, d0
001e78: 09090a00             movep.w  $a00(a1), d4
001e7c: 0000080e             ori.b    #$e, d0
001e80: 09090a02             movep.w  $a02(a1), d4
001e84: 0000080e             ori.b    #$e, d0
001e88: 09090a03             movep.w  $a03(a1), d4
001e8c: 0000080e             ori.b    #$e, d0
001e90: 09090a04             movep.w  $a04(a1), d4
001e94: 0000080e             ori.b    #$e, d0
001e98: 09090a05             movep.w  $a05(a1), d4
001e9c: 0000080e             ori.b    #$e, d0
001ea0: 09090a05             movep.w  $a05(a1), d4
001ea4: 0000080e             ori.b    #$e, d0
001ea8: 090a0a00             movep.w  $a00(a2), d4
001eac: 0000080e             ori.b    #$e, d0
001eb0: 090a0a01             movep.w  $a01(a2), d4
001eb4: 0000080e             ori.b    #$e, d0
001eb8: 090a0a03             movep.w  $a03(a2), d4
001ebc: 0000080e             ori.b    #$e, d0
001ec0: 090a0a04             movep.w  $a04(a2), d4
001ec4: 0000080e             ori.b    #$e, d0
001ec8: 090a0a04             movep.w  $a04(a2), d4
001ecc: 0000080e             ori.b    #$e, d0
001ed0: 090a0a05             movep.w  $a05(a2), d4
001ed4: 0000080e             ori.b    #$e, d0
001ed8: 090a0a05             movep.w  $a05(a2), d4
001edc: 0000080e             ori.b    #$e, d0
001ee0: 090a0a06             movep.w  $a06(a2), d4
001ee4: 0000080e             ori.b    #$e, d0
001ee8: 090a0a06             movep.w  $a06(a2), d4
001eec: 0000080e             ori.b    #$e, d0
001ef0: 090a0a07             movep.w  $a07(a2), d4
001ef4: 0000080e             ori.b    #$e, d0
001ef8: 090a0a07             movep.w  $a07(a2), d4
001efc: 0000080e             ori.b    #$e, d0
001f00: 090a0a07             movep.w  $a07(a2), d4
001f04: 0000080e             ori.b    #$e, d0
001f08: 090b0a00             movep.w  $a00(a3), d4
001f0c: 0000080e             ori.b    #$e, d0
001f10: 090b0a02             movep.w  $a02(a3), d4
001f14: 0000080e             ori.b    #$e, d0
001f18: 090b0a03             movep.w  $a03(a3), d4
001f1c: 0000080e             ori.b    #$e, d0
001f20: 090b0a04             movep.w  $a04(a3), d4
001f24: 0000080e             ori.b    #$e, d0
001f28: 090b0a05             movep.w  $a05(a3), d4
001f2c: 0000080e             ori.b    #$e, d0
001f30: 090b0a05             movep.w  $a05(a3), d4
001f34: 0000080e             ori.b    #$e, d0
001f38: 090b0a05             movep.w  $a05(a3), d4
001f3c: 0000080e             ori.b    #$e, d0
001f40: 090b0a06             movep.w  $a06(a3), d4
001f44: 0000080e             ori.b    #$e, d0
001f48: 090b0a06             movep.w  $a06(a3), d4
001f4c: 0000080e             ori.b    #$e, d0
001f50: 090b0a07             movep.w  $a07(a3), d4
001f54: 0000080e             ori.b    #$e, d0
001f58: 090b0a07             movep.w  $a07(a3), d4
001f5c: 0000080e             ori.b    #$e, d0
001f60: 090b0a07             movep.w  $a07(a3), d4
001f64: 0000080e             ori.b    #$e, d0
001f68: 090b0a08             movep.w  $a08(a3), d4
001f6c: 0000080e             ori.b    #$e, d0
001f70: 090b0a08             movep.w  $a08(a3), d4
001f74: 0000080e             ori.b    #$e, d0
001f78: 090b0a08             movep.w  $a08(a3), d4
001f7c: 0000080e             ori.b    #$e, d0
001f80: 090b0a08             movep.w  $a08(a3), d4
001f84: 0000080e             ori.b    #$e, d0
001f88: 090b0a09             movep.w  $a09(a3), d4
001f8c: 0000080e             ori.b    #$e, d0
001f90: 090c0a00             movep.w  $a00(a4), d4
001f94: 0000080e             ori.b    #$e, d0
001f98: 090c0a01             movep.w  $a01(a4), d4
001f9c: 0000080e             ori.b    #$e, d0
001fa0: 090c0a03             movep.w  $a03(a4), d4
001fa4: 0000080e             ori.b    #$e, d0
001fa8: 090c0a04             movep.w  $a04(a4), d4
001fac: 0000080e             ori.b    #$e, d0
001fb0: 090c0a04             movep.w  $a04(a4), d4
001fb4: 0000080e             ori.b    #$e, d0
001fb8: 090c0a05             movep.w  $a05(a4), d4
001fbc: 0000080f             ori.b    #$f, d0
001fc0: 0900                 btst.l   d4, d0
001fc2: 0a000000             eori.b   #$0, d0
001fc6: 080f                 .byte    0x08, 0x0f
001fc8: 0901                 btst.l   d4, d1
001fca: 0a000000             eori.b   #$0, d0
001fce: 080f                 .byte    0x08, 0x0f
001fd0: 0903                 btst.l   d4, d3
001fd2: 0a000000             eori.b   #$0, d0
001fd6: 080f                 .byte    0x08, 0x0f
001fd8: 0904                 btst.l   d4, d4
001fda: 0a000000             eori.b   #$0, d0
001fde: 080f                 .byte    0x08, 0x0f
001fe0: 0904                 btst.l   d4, d4
001fe2: 0a010000             eori.b   #$0, d1
001fe6: 080f                 .byte    0x08, 0x0f
001fe8: 0905                 btst.l   d4, d5
001fea: 0a000000             eori.b   #$0, d0
001fee: 080f                 .byte    0x08, 0x0f
001ff0: 0905                 btst.l   d4, d5
001ff2: 0a020000             eori.b   #$0, d2
001ff6: 080f                 .byte    0x08, 0x0f
001ff8: 0906                 btst.l   d4, d6
001ffa: 0a000000             eori.b   #$0, d0
001ffe: 080f                 .byte    0x08, 0x0f
002000: 0906                 btst.l   d4, d6
002002: 0a010000             eori.b   #$0, d1
002006: 080f                 .byte    0x08, 0x0f
002008: 0907                 btst.l   d4, d7
00200a: 0a000000             eori.b   #$0, d0
00200e: 080f                 .byte    0x08, 0x0f
002010: 0907                 btst.l   d4, d7
002012: 0a010000             eori.b   #$0, d1
002016: 080f                 .byte    0x08, 0x0f
002018: 0907                 btst.l   d4, d7
00201a: 0a030000             eori.b   #$0, d3
00201e: 080f                 .byte    0x08, 0x0f
002020: 0907                 btst.l   d4, d7
002022: 0a040000             eori.b   #$0, d4
002026: 080f                 .byte    0x08, 0x0f
002028: 09080a00             movep.w  $a00(a0), d4
00202c: 0000080f             ori.b    #$f, d0
002030: 09080a02             movep.w  $a02(a0), d4
002034: 0000080f             ori.b    #$f, d0
002038: 09080a03             movep.w  $a03(a0), d4
00203c: 0000080f             ori.b    #$f, d0
002040: 09080a04             movep.w  $a04(a0), d4
002044: 0000080f             ori.b    #$f, d0
002048: 09090a00             movep.w  $a00(a1), d4
00204c: 0000080f             ori.b    #$f, d0
002050: 09090a02             movep.w  $a02(a1), d4
002054: 0000080f             ori.b    #$f, d0
002058: 09090a03             movep.w  $a03(a1), d4
00205c: 0000080f             ori.b    #$f, d0
002060: 09090a04             movep.w  $a04(a1), d4
002064: 0000080f             ori.b    #$f, d0
002068: 09090a05             movep.w  $a05(a1), d4
00206c: 0000080f             ori.b    #$f, d0
002070: 09090a05             movep.w  $a05(a1), d4
002074: 0000080f             ori.b    #$f, d0
002078: 090a0a00             movep.w  $a00(a2), d4
00207c: 0000080f             ori.b    #$f, d0
002080: 090a0a01             movep.w  $a01(a2), d4
002084: 0000080f             ori.b    #$f, d0
002088: 090a0a03             movep.w  $a03(a2), d4
00208c: 0000080f             ori.b    #$f, d0
002090: 090a0a04             movep.w  $a04(a2), d4
002094: 0000080f             ori.b    #$f, d0
002098: 090a0a04             movep.w  $a04(a2), d4
00209c: 0000080f             ori.b    #$f, d0
0020a0: 090a0a05             movep.w  $a05(a2), d4
0020a4: 0000080f             ori.b    #$f, d0
0020a8: 090a0a05             movep.w  $a05(a2), d4
0020ac: 0000080f             ori.b    #$f, d0
0020b0: 090a0a06             movep.w  $a06(a2), d4
0020b4: 0000080f             ori.b    #$f, d0
0020b8: 090a0a06             movep.w  $a06(a2), d4
0020bc: 0000080f             ori.b    #$f, d0
0020c0: 090a0a07             movep.w  $a07(a2), d4
0020c4: 0000080f             ori.b    #$f, d0
0020c8: 090a0a07             movep.w  $a07(a2), d4
0020cc: 0000080f             ori.b    #$f, d0
0020d0: 090b0a00             movep.w  $a00(a3), d4
0020d4: 0000080f             ori.b    #$f, d0
0020d8: 090b0a00             movep.w  $a00(a3), d4
0020dc: 0000080f             ori.b    #$f, d0
0020e0: 090b0a02             movep.w  $a02(a3), d4
0020e4: 0000080f             ori.b    #$f, d0
0020e8: 090b0a03             movep.w  $a03(a3), d4
0020ec: 0000080f             ori.b    #$f, d0
0020f0: 090b0a04             movep.w  $a04(a3), d4
0020f4: 0000080f             ori.b    #$f, d0
0020f8: 090b0a05             movep.w  $a05(a3), d4
0020fc: 0000080f             ori.b    #$f, d0
002100: 090b0a05             movep.w  $a05(a3), d4
002104: 0000080f             ori.b    #$f, d0
002108: 090b0a06             movep.w  $a06(a3), d4
00210c: 0000080f             ori.b    #$f, d0
002110: 090b0a06             movep.w  $a06(a3), d4
002114: 0000080f             ori.b    #$f, d0
002118: 090b0a06             movep.w  $a06(a3), d4
00211c: 0000080f             ori.b    #$f, d0
002120: 090b0a07             movep.w  $a07(a3), d4
002124: 0000080f             ori.b    #$f, d0
002128: 090b0a07             movep.w  $a07(a3), d4
00212c: 0000080f             ori.b    #$f, d0
002130: 090b0a07             movep.w  $a07(a3), d4
002134: 0000080f             ori.b    #$f, d0
002138: 090b0a08             movep.w  $a08(a3), d4
00213c: 0000080f             ori.b    #$f, d0
002140: 090b0a08             movep.w  $a08(a3), d4
002144: 0000080f             ori.b    #$f, d0
002148: 090b0a08             movep.w  $a08(a3), d4
00214c: 0000080f             ori.b    #$f, d0
002150: 090b0a08             movep.w  $a08(a3), d4
002154: 0000080f             ori.b    #$f, d0
002158: 090b0a09             movep.w  $a09(a3), d4
00215c: 0000080f             ori.b    #$f, d0
002160: 090c0a00             movep.w  $a00(a4), d4
002164: 0000080f             ori.b    #$f, d0
002168: 090c0a01             movep.w  $a01(a4), d4
00216c: 0000080f             ori.b    #$f, d0
002170: 090c0a03             movep.w  $a03(a4), d4
002174: 0000080f             ori.b    #$f, d0
002178: 090c0a04             movep.w  $a04(a4), d4
00217c: 0000080f             ori.b    #$f, d0
002180: 090c0a04             movep.w  $a04(a4), d4
002184: 0000080f             ori.b    #$f, d0
002188: 090c0a05             movep.w  $a05(a4), d4
00218c: 0000080f             ori.b    #$f, d0
002190: 090c0a05             movep.w  $a05(a4), d4
002194: 0000080f             ori.b    #$f, d0
002198: 090c0a06             movep.w  $a06(a4), d4
00219c: 0000080f             ori.b    #$f, d0
0021a0: 090c0a06             movep.w  $a06(a4), d4
0021a4: 0000080f             ori.b    #$f, d0
0021a8: 090c0a07             movep.w  $a07(a4), d4
0021ac: 0000080f             ori.b    #$f, d0
0021b0: 090c0a07             movep.w  $a07(a4), d4
0021b4: 0000080f             ori.b    #$f, d0
0021b8: 090c0a07             movep.w  $a07(a4), d4
0021bc: 0000080f             ori.b    #$f, d0
0021c0: 090c0a07             movep.w  $a07(a4), d4
0021c4: 0000080f             ori.b    #$f, d0
0021c8: 090c0a08             movep.w  $a08(a4), d4
0021cc: 0000080f             ori.b    #$f, d0
0021d0: 090c0a08             movep.w  $a08(a4), d4
0021d4: 0000080f             ori.b    #$f, d0
0021d8: 090c0a08             movep.w  $a08(a4), d4
0021dc: 0000080f             ori.b    #$f, d0
0021e0: 090c0a08             movep.w  $a08(a4), d4
0021e4: 0000080f             ori.b    #$f, d0
0021e8: 090c0a09             movep.w  $a09(a4), d4
0021ec: 0000080f             ori.b    #$f, d0
0021f0: 090c0a09             movep.w  $a09(a4), d4
0021f4: 0000080f             ori.b    #$f, d0
0021f8: 090c0a09             movep.w  $a09(a4), d4
0021fc: 0000080f             ori.b    #$f, d0
002200: 090c0a09             movep.w  $a09(a4), d4
002204: 0000080f             ori.b    #$f, d0
002208: 090c0a09             movep.w  $a09(a4), d4
00220c: 0000080f             ori.b    #$f, d0
002210: 090c0a09             movep.w  $a09(a4), d4
002214: 0000080f             ori.b    #$f, d0
002218: 090c0a0a             movep.w  $a0a(a4), d4
00221c: 0000080f             ori.b    #$f, d0
002220: 090d0a00             movep.w  $a00(a5), d4
002224: 0000080f             ori.b    #$f, d0
002228: 090d0a01             movep.w  $a01(a5), d4
00222c: 0000080f             ori.b    #$f, d0
002230: 090d0a03             movep.w  $a03(a5), d4
002234: 0000080f             ori.b    #$f, d0
002238: 090d0a03             movep.w  $a03(a5), d4
00223c: 0000080f             ori.b    #$f, d0
002240: 090d0a03             movep.w  $a03(a5), d4
002244: 0000080f             ori.b    #$f, d0
002248: 090d0a03             movep.w  $a03(a5), d4
00224c: 0000080f             ori.b    #$f, d0
002250: 090d0a03             movep.w  $a03(a5), d4
002254: 0000080f             ori.b    #$f, d0
002258: 090d0a03             movep.w  $a03(a5), d4
00225c: 0000080f             ori.b    #$f, d0
002260: 090d0a03             movep.w  $a03(a5), d4
002264: 0000080f             ori.b    #$f, d0
002268: 090d0a03             movep.w  $a03(a5), d4
00226c: 0000080f             ori.b    #$f, d0
002270: 090d0a03             movep.w  $a03(a5), d4
002274: 0000080f             ori.b    #$f, d0
002278: 090d0a03             movep.w  $a03(a5), d4
00227c: 0000080f             ori.b    #$f, d0
002280: 090d0a03             movep.w  $a03(a5), d4
002284: 0000080f             ori.b    #$f, d0
002288: 090d0a03             movep.w  $a03(a5), d4
00228c: 0000080f             ori.b    #$f, d0
002290: 090d0a03             movep.w  $a03(a5), d4
002294: 0000080f             ori.b    #$f, d0
002298: 090d0a03             movep.w  $a03(a5), d4
00229c: 0000080f             ori.b    #$f, d0
0022a0: 090d0a03             movep.w  $a03(a5), d4
0022a4: 0000080f             ori.b    #$f, d0
0022a8: 090d0a03             movep.w  $a03(a5), d4
0022ac: 0000080f             ori.b    #$f, d0
0022b0: 090d0a03             movep.w  $a03(a5), d4
0022b4: 0000080f             ori.b    #$f, d0
0022b8: 090d0a03             movep.w  $a03(a5), d4
0022bc: 0000080f             ori.b    #$f, d0
0022c0: 090d0a03             movep.w  $a03(a5), d4
0022c4: 0000080f             ori.b    #$f, d0
0022c8: 090d0a03             movep.w  $a03(a5), d4
0022cc: 0000080f             ori.b    #$f, d0
0022d0: 090d0a03             movep.w  $a03(a5), d4
0022d4: 0000080f             ori.b    #$f, d0
0022d8: 090d0a03             movep.w  $a03(a5), d4
0022dc: 0000080f             ori.b    #$f, d0
0022e0: 090d0a03             movep.w  $a03(a5), d4
0022e4: 0000080f             ori.b    #$f, d0
0022e8: 090d0a03             movep.w  $a03(a5), d4
0022ec: 0000080f             ori.b    #$f, d0
0022f0: 090d0a03             movep.w  $a03(a5), d4
0022f4: 0000080f             ori.b    #$f, d0
0022f8: 090d0a03             movep.w  $a03(a5), d4
0022fc: 0000080f             ori.b    #$f, d0
002300: 090d0a03             movep.w  $a03(a5), d4
002304: 0000080f             ori.b    #$f, d0
002308: 090d0a03             movep.w  $a03(a5), d4
00230c: 0000080f             ori.b    #$f, d0
002310: 090d0a03             movep.w  $a03(a5), d4
002314: 0000080f             ori.b    #$f, d0
002318: 090d0a03             movep.w  $a03(a5), d4
00231c: 0000080f             ori.b    #$f, d0
002320: 090d0a03             movep.w  $a03(a5), d4
002324: 0000080f             ori.b    #$f, d0
002328: 090d0a03             movep.w  $a03(a5), d4
00232c: 0000080f             ori.b    #$f, d0
002330: 090d0a03             movep.w  $a03(a5), d4
002334: 0000080f             ori.b    #$f, d0
002338: 090d0a03             movep.w  $a03(a5), d4
00233c: 0000080f             ori.b    #$f, d0
002340: 090d0a03             movep.w  $a03(a5), d4
002344: 0000080f             ori.b    #$f, d0
002348: 090d0a03             movep.w  $a03(a5), d4
00234c: 0000080f             ori.b    #$f, d0
002350: 090d0a03             movep.w  $a03(a5), d4
002354: 0000080f             ori.b    #$f, d0
002358: 090d0a03             movep.w  $a03(a5), d4
00235c: 0000080f             ori.b    #$f, d0
002360: 090d0a03             movep.w  $a03(a5), d4
002364: 0000080f             ori.b    #$f, d0
002368: 090d0a03             movep.w  $a03(a5), d4
00236c: 0000080f             ori.b    #$f, d0
002370: 090d0a03             movep.w  $a03(a5), d4
002374: 0000080f             ori.b    #$f, d0
002378: 090d0a03             movep.w  $a03(a5), d4
00237c: 0000080f             ori.b    #$f, d0
002380: 090d0a03             movep.w  $a03(a5), d4
002384: 0000080f             ori.b    #$f, d0
002388: 090d0a03             movep.w  $a03(a5), d4
00238c: 0000080f             ori.b    #$f, d0
002390: 090d0a03             movep.w  $a03(a5), d4
002394: 0000080f             ori.b    #$f, d0
002398: 090d0a03             movep.w  $a03(a5), d4
00239c: 0000080f             ori.b    #$f, d0
0023a0: 090d0a03             movep.w  $a03(a5), d4
0023a4: 0000080f             ori.b    #$f, d0
0023a8: 090d0a03             movep.w  $a03(a5), d4
0023ac: 0000080f             ori.b    #$f, d0
0023b0: 090d0a03             movep.w  $a03(a5), d4
0023b4: 0000080f             ori.b    #$f, d0
0023b8: 090d0a03             movep.w  $a03(a5), d4
0023bc: 0000080f             ori.b    #$f, d0
0023c0: 090d0a03             movep.w  $a03(a5), d4
0023c4: 0000080f             ori.b    #$f, d0
0023c8: 090d0a03             movep.w  $a03(a5), d4
0023cc: 0000080f             ori.b    #$f, d0
0023d0: 090d0a03             movep.w  $a03(a5), d4
0023d4: 0000080f             ori.b    #$f, d0
0023d8: 090d0a03             movep.w  $a03(a5), d4
0023dc: 0000080f             ori.b    #$f, d0
0023e0: 090d0a03             movep.w  $a03(a5), d4
0023e4: 0000080f             ori.b    #$f, d0
0023e8: 090d0a03             movep.w  $a03(a5), d4
0023ec: 0000080f             ori.b    #$f, d0
0023f0: 090d0a03             movep.w  $a03(a5), d4
0023f4: 0000080f             ori.b    #$f, d0
0023f8: 090d0a03             movep.w  $a03(a5), d4
0023fc: 0000080f             ori.b    #$f, d0
002400: 090d0a03             movep.w  $a03(a5), d4
002404: 0000080f             ori.b    #$f, d0
002408: 090d0a03             movep.w  $a03(a5), d4
00240c: 0000080f             ori.b    #$f, d0
002410: 090d0a03             movep.w  $a03(a5), d4
002414: 0000080f             ori.b    #$f, d0
002418: 090d0a03             movep.w  $a03(a5), d4
00241c: 0000080f             ori.b    #$f, d0
002420: 090d0a03             movep.w  $a03(a5), d4
002424: 0000080f             ori.b    #$f, d0
002428: 090d0a03             movep.w  $a03(a5), d4
00242c: 0000080f             ori.b    #$f, d0
002430: 090d0a03             movep.w  $a03(a5), d4
002434: 0000080f             ori.b    #$f, d0
002438: 090d0a03             movep.w  $a03(a5), d4
00243c: 0000080f             ori.b    #$f, d0
002440: 090d0a03             movep.w  $a03(a5), d4
002444: 0000080f             ori.b    #$f, d0
002448: 090d0a03             movep.w  $a03(a5), d4
00244c: 0000080f             ori.b    #$f, d0
002450: 090d0a03             movep.w  $a03(a5), d4
002454: 0000080f             ori.b    #$f, d0
002458: 090d0a03             movep.w  $a03(a5), d4
00245c: 0000080f             ori.b    #$f, d0
002460: 090d0a03             movep.w  $a03(a5), d4
002464: 0000080f             ori.b    #$f, d0
002468: 090d0a03             movep.w  $a03(a5), d4
00246c: 0000080f             ori.b    #$f, d0
002470: 090d0a03             movep.w  $a03(a5), d4
002474: 0000080f             ori.b    #$f, d0
002478: 090d0a03             movep.w  $a03(a5), d4
00247c: 0000080f             ori.b    #$f, d0
002480: 090d0a03             movep.w  $a03(a5), d4
002484: 0000080f             ori.b    #$f, d0
002488: 090d0a03             movep.w  $a03(a5), d4
00248c: 0000080f             ori.b    #$f, d0
002490: 090d0a03             movep.w  $a03(a5), d4
002494: 0000080f             ori.b    #$f, d0
002498: 090d0a03             movep.w  $a03(a5), d4
00249c: 0000080f             ori.b    #$f, d0
0024a0: 090d0a03             movep.w  $a03(a5), d4
0024a4: 0000080f             ori.b    #$f, d0
0024a8: 090d0a03             movep.w  $a03(a5), d4
0024ac: 0000080f             ori.b    #$f, d0
0024b0: 090d0a03             movep.w  $a03(a5), d4
0024b4: 0000080f             ori.b    #$f, d0
0024b8: 090d0a03             movep.w  $a03(a5), d4
0024bc: 0000080f             ori.b    #$f, d0
0024c0: 090d0a03             movep.w  $a03(a5), d4
0024c4: 0000080f             ori.b    #$f, d0
0024c8: 090d0a03             movep.w  $a03(a5), d4
0024cc: 0000080f             ori.b    #$f, d0
0024d0: 090d0a03             movep.w  $a03(a5), d4
0024d4: 0000080f             ori.b    #$f, d0
0024d8: 090d0a03             movep.w  $a03(a5), d4
0024dc: 0000080f             ori.b    #$f, d0
0024e0: 090d0a03             movep.w  $a03(a5), d4
0024e4: 0000080f             ori.b    #$f, d0
0024e8: 090d0a03             movep.w  $a03(a5), d4
0024ec: 0000080f             ori.b    #$f, d0
0024f0: 090d0a03             movep.w  $a03(a5), d4
0024f4: 0000080f             ori.b    #$f, d0
0024f8: 090d0a03             movep.w  $a03(a5), d4
0024fc: 0000080f             ori.b    #$f, d0
002500: 090d0a03             movep.w  $a03(a5), d4
002504: 0000080f             ori.b    #$f, d0
002508: 090d0a03             movep.w  $a03(a5), d4
00250c: 0000080f             ori.b    #$f, d0
002510: 090d0a03             movep.w  $a03(a5), d4
002514: 0000080f             ori.b    #$f, d0
002518: 090d0a03             movep.w  $a03(a5), d4
00251c: 0000080f             ori.b    #$f, d0
002520: 090d0a03             movep.w  $a03(a5), d4
002524: 0000080f             ori.b    #$f, d0
002528: 090d0a03             movep.w  $a03(a5), d4
00252c: 0000080f             ori.b    #$f, d0
002530: 090d0a03             movep.w  $a03(a5), d4
002534: 0000080f             ori.b    #$f, d0
002538: 090d0a03             movep.w  $a03(a5), d4
00253c: 0000080f             ori.b    #$f, d0
002540: 090d0a03             movep.w  $a03(a5), d4
002544: 0000080f             ori.b    #$f, d0
002548: 090d0a03             movep.w  $a03(a5), d4
00254c: 0000080f             ori.b    #$f, d0
002550: 090d0a03             movep.w  $a03(a5), d4
002554: 0000080f             ori.b    #$f, d0
002558: 090d0a03             movep.w  $a03(a5), d4
00255c: 0000080f             ori.b    #$f, d0
002560: 090d0a03             movep.w  $a03(a5), d4
002564: 0000080f             ori.b    #$f, d0
002568: 090d0a03             movep.w  $a03(a5), d4
00256c: 0000080f             ori.b    #$f, d0
002570: 090d0a03             movep.w  $a03(a5), d4
002574: 0000080f             ori.b    #$f, d0
002578: 090d0a03             movep.w  $a03(a5), d4
00257c: 0000080f             ori.b    #$f, d0
002580: 090d0a03             movep.w  $a03(a5), d4
002584: 0000080f             ori.b    #$f, d0
002588: 090d0a03             movep.w  $a03(a5), d4
00258c: 0000080f             ori.b    #$f, d0
002590: 090d0a03             movep.w  $a03(a5), d4
002594: 0000080f             ori.b    #$f, d0
002598: 090d0a03             movep.w  $a03(a5), d4
00259c: 0000080f             ori.b    #$f, d0
0025a0: 090d0a03             movep.w  $a03(a5), d4
0025a4: 0000080f             ori.b    #$f, d0
0025a8: 090d0a03             movep.w  $a03(a5), d4
0025ac: 0000080f             ori.b    #$f, d0
0025b0: 090d0a03             movep.w  $a03(a5), d4
0025b4: 0000080f             ori.b    #$f, d0
0025b8: 090d0a03             movep.w  $a03(a5), d4
0025bc: 0000080f             ori.b    #$f, d0
0025c0: 090d0a03             movep.w  $a03(a5), d4
0025c4: 0000080f             ori.b    #$f, d0
0025c8: 090d0a03             movep.w  $a03(a5), d4
0025cc: 0000080f             ori.b    #$f, d0
0025d0: 090d0a03             movep.w  $a03(a5), d4
0025d4: 0000080f             ori.b    #$f, d0
0025d8: 090d0a03             movep.w  $a03(a5), d4
0025dc: 0000080f             ori.b    #$f, d0
0025e0: 090d0a03             movep.w  $a03(a5), d4
0025e4: 0000080f             ori.b    #$f, d0
0025e8: 090d0a03             movep.w  $a03(a5), d4
0025ec: 0000080f             ori.b    #$f, d0
0025f0: 090d0a03             movep.w  $a03(a5), d4
0025f4: 0000080f             ori.b    #$f, d0
0025f8: 090d0a03             movep.w  $a03(a5), d4
0025fc: 0000080f             ori.b    #$f, d0
002600: 090d0a03             movep.w  $a03(a5), d4
002604: 0000080f             ori.b    #$f, d0
002608: 090d0a03             movep.w  $a03(a5), d4
00260c: 0000080f             ori.b    #$f, d0
002610: 090d0a03             movep.w  $a03(a5), d4
002614: 0000080f             ori.b    #$f, d0
002618: 090d0a03             movep.w  $a03(a5), d4
00261c: 0000080f             ori.b    #$f, d0
002620: 090d0a03             movep.w  $a03(a5), d4
002624: 0000080f             ori.b    #$f, d0
002628: 090d0a03             movep.w  $a03(a5), d4
00262c: 0000080f             ori.b    #$f, d0
002630: 090d0a03             movep.w  $a03(a5), d4
002634: 0000080f             ori.b    #$f, d0
002638: 090d0a03             movep.w  $a03(a5), d4
00263c: 0000080f             ori.b    #$f, d0
002640: 090d0a03             movep.w  $a03(a5), d4
002644: 0000080f             ori.b    #$f, d0
002648: 090d0a03             movep.w  $a03(a5), d4
00264c: 0000080f             ori.b    #$f, d0
002650: 090d0a03             movep.w  $a03(a5), d4
002654: 0000080f             ori.b    #$f, d0
002658: 090d0a03             movep.w  $a03(a5), d4
00265c: 0000080f             ori.b    #$f, d0
002660: 090d0a03             movep.w  $a03(a5), d4
002664: 0000080f             ori.b    #$f, d0
002668: 090d0a03             movep.w  $a03(a5), d4
00266c: 0000080f             ori.b    #$f, d0
002670: 090d0a03             movep.w  $a03(a5), d4
002674: 0000080f             ori.b    #$f, d0
002678: 090d0a03             movep.w  $a03(a5), d4
00267c: 0000080f             ori.b    #$f, d0
002680: 090d0a03             movep.w  $a03(a5), d4
002684: 0000080f             ori.b    #$f, d0
002688: 090d0a03             movep.w  $a03(a5), d4
00268c: 0000080f             ori.b    #$f, d0
002690: 090d0a03             movep.w  $a03(a5), d4
002694: 0000080f             ori.b    #$f, d0
002698: 090d0a03             movep.w  $a03(a5), d4
00269c: 0000080f             ori.b    #$f, d0
0026a0: 090d0a03             movep.w  $a03(a5), d4
0026a4: 0000080f             ori.b    #$f, d0
0026a8: 090d0a03             movep.w  $a03(a5), d4
0026ac: 0000080f             ori.b    #$f, d0
0026b0: 090d0a03             movep.w  $a03(a5), d4
0026b4: 0000080f             ori.b    #$f, d0
0026b8: 090d0a03             movep.w  $a03(a5), d4
0026bc: 0000080f             ori.b    #$f, d0
0026c0: 090d0a03             movep.w  $a03(a5), d4
0026c4: 0000080f             ori.b    #$f, d0
0026c8: 090d0a03             movep.w  $a03(a5), d4
0026cc: 0000080f             ori.b    #$f, d0
0026d0: 090d0a03             movep.w  $a03(a5), d4
0026d4: 0000080f             ori.b    #$f, d0
0026d8: 090d0a03             movep.w  $a03(a5), d4
0026dc: 0000080f             ori.b    #$f, d0
0026e0: 090d0a03             movep.w  $a03(a5), d4
0026e4: 0000080f             ori.b    #$f, d0
0026e8: 090d0a03             movep.w  $a03(a5), d4
0026ec: 0000080f             ori.b    #$f, d0
0026f0: 090d0a03             movep.w  $a03(a5), d4
0026f4: 0000080f             ori.b    #$f, d0
0026f8: 090d0a03             movep.w  $a03(a5), d4
0026fc: 0000080f             ori.b    #$f, d0
002700: 090d0a03             movep.w  $a03(a5), d4
002704: 0000080f             ori.b    #$f, d0
002708: 090d0a03             movep.w  $a03(a5), d4
00270c: 0000080f             ori.b    #$f, d0
002710: 090d0a03             movep.w  $a03(a5), d4
002714: 0000080f             ori.b    #$f, d0
002718: 090d0a03             movep.w  $a03(a5), d4
00271c: 0000080f             ori.b    #$f, d0
002720: 090d0a03             movep.w  $a03(a5), d4
002724: 0000080f             ori.b    #$f, d0
002728: 090d0a03             movep.w  $a03(a5), d4
00272c: 0000080f             ori.b    #$f, d0
002730: 090d0a03             movep.w  $a03(a5), d4
002734: 0000080f             ori.b    #$f, d0
002738: 090d0a03             movep.w  $a03(a5), d4
00273c: 0000080f             ori.b    #$f, d0
002740: 090d0a03             movep.w  $a03(a5), d4
002744: 0000080f             ori.b    #$f, d0
002748: 090d0a03             movep.w  $a03(a5), d4
00274c: 0000080f             ori.b    #$f, d0
002750: 090d0a03             movep.w  $a03(a5), d4
002754: 0000080f             ori.b    #$f, d0
002758: 090d0a03             movep.w  $a03(a5), d4
00275c: 0000080f             ori.b    #$f, d0
002760: 090d0a03             movep.w  $a03(a5), d4
002764: 0000080f             ori.b    #$f, d0
002768: 090d0a03             movep.w  $a03(a5), d4
00276c: 0000080f             ori.b    #$f, d0
002770: 090d0a03             movep.w  $a03(a5), d4
002774: 0000080f             ori.b    #$f, d0
002778: 090d0a03             movep.w  $a03(a5), d4
00277c: 0000080f             ori.b    #$f, d0
002780: 090d0a03             movep.w  $a03(a5), d4
002784: 0000080f             ori.b    #$f, d0
002788: 090d0a03             movep.w  $a03(a5), d4
00278c: 0000080f             ori.b    #$f, d0
002790: 090d0a03             movep.w  $a03(a5), d4
002794: 0000080f             ori.b    #$f, d0
002798: 090d0a03             movep.w  $a03(a5), d4
00279c: 0000080f             ori.b    #$f, d0
0027a0: 090d0a03             movep.w  $a03(a5), d4
0027a4: 0000080f             ori.b    #$f, d0
0027a8: 090d0a03             movep.w  $a03(a5), d4
0027ac: 0000080f             ori.b    #$f, d0
0027b0: 090d0a03             movep.w  $a03(a5), d4
0027b4: 0000080f             ori.b    #$f, d0
0027b8: 090d0a03             movep.w  $a03(a5), d4
0027bc: 0000080f             ori.b    #$f, d0
0027c0: 090d0a03             movep.w  $a03(a5), d4
0027c4: 0000080f             ori.b    #$f, d0
0027c8: 090d0a03             movep.w  $a03(a5), d4
0027cc: 0000080f             ori.b    #$f, d0
0027d0: 090d0a03             movep.w  $a03(a5), d4
0027d4: 0000080f             ori.b    #$f, d0
0027d8: 090d0a03             movep.w  $a03(a5), d4
0027dc: 0000080f             ori.b    #$f, d0
0027e0: 090d0a03             movep.w  $a03(a5), d4
0027e4: 0000080f             ori.b    #$f, d0
0027e8: 090d0a03             movep.w  $a03(a5), d4
0027ec: 0000080f             ori.b    #$f, d0
0027f0: 090d0a03             movep.w  $a03(a5), d4
0027f4: 0000080f             ori.b    #$f, d0
0027f8: 090d0a03             movep.w  $a03(a5), d4
0027fc: 0000080f             ori.b    #$f, d0
002800: 090d0a03             movep.w  $a03(a5), d4
002804: 0000080f             ori.b    #$f, d0
002808: 090d0a03             movep.w  $a03(a5), d4
00280c: 0000080f             ori.b    #$f, d0
002810: 090d0a03             movep.w  $a03(a5), d4
002814: 0000080f             ori.b    #$f, d0
002818: 090d0a03             movep.w  $a03(a5), d4
00281c: 0000080f             ori.b    #$f, d0
002820: 090d0a03             movep.w  $a03(a5), d4
002824: 0000080f             ori.b    #$f, d0
002828: 090d0a03             movep.w  $a03(a5), d4
00282c: 0000080f             ori.b    #$f, d0
002830: 090d0a03             movep.w  $a03(a5), d4
002834: 0000080f             ori.b    #$f, d0
002838: 090d0a03             movep.w  $a03(a5), d4
00283c: 0000080f             ori.b    #$f, d0
002840: 090d0a03             movep.w  $a03(a5), d4
002844: 0000080f             ori.b    #$f, d0
002848: 090d0a03             movep.w  $a03(a5), d4
00284c: 0000080f             ori.b    #$f, d0
002850: 090d0a03             movep.w  $a03(a5), d4
002854: 0000080f             ori.b    #$f, d0
002858: 090d0a03             movep.w  $a03(a5), d4
00285c: 0000080f             ori.b    #$f, d0
002860: 090d0a03             movep.w  $a03(a5), d4
002864: 0000080f             ori.b    #$f, d0
002868: 090d0a03             movep.w  $a03(a5), d4
00286c: 0000080f             ori.b    #$f, d0
002870: 090d0a03             movep.w  $a03(a5), d4
002874: 0000080f             ori.b    #$f, d0
002878: 090d0a03             movep.w  $a03(a5), d4
00287c: 0000080f             ori.b    #$f, d0
002880: 090d0a03             movep.w  $a03(a5), d4
002884: 0000080f             ori.b    #$f, d0
002888: 090d0a03             movep.w  $a03(a5), d4
00288c: 0000080f             ori.b    #$f, d0
002890: 090d0a03             movep.w  $a03(a5), d4
002894: 0000080f             ori.b    #$f, d0
002898: 090d0a03             movep.w  $a03(a5), d4
00289c: 0000080f             ori.b    #$f, d0
0028a0: 090d0a03             movep.w  $a03(a5), d4
0028a4: 0000080f             ori.b    #$f, d0
0028a8: 090d0a03             movep.w  $a03(a5), d4
0028ac: 0000080f             ori.b    #$f, d0
0028b0: 090d0a03             movep.w  $a03(a5), d4
0028b4: 0000080f             ori.b    #$f, d0
0028b8: 090d0a03             movep.w  $a03(a5), d4
0028bc: 0000080f             ori.b    #$f, d0
0028c0: 090d0a03             movep.w  $a03(a5), d4
0028c4: 0000080f             ori.b    #$f, d0
0028c8: 090d0a03             movep.w  $a03(a5), d4
0028cc: 0000080f             ori.b    #$f, d0
0028d0: 090d0a03             movep.w  $a03(a5), d4
0028d4: 0000080f             ori.b    #$f, d0
0028d8: 090d0a03             movep.w  $a03(a5), d4
0028dc: 0000080f             ori.b    #$f, d0
0028e0: 090d0a03             movep.w  $a03(a5), d4
0028e4: 0000080f             ori.b    #$f, d0
0028e8: 090d0a03             movep.w  $a03(a5), d4
0028ec: 0000080f             ori.b    #$f, d0
0028f0: 090d0a03             movep.w  $a03(a5), d4
0028f4: 0000080f             ori.b    #$f, d0
0028f8: 090d0a03             movep.w  $a03(a5), d4
0028fc: 0000080f             ori.b    #$f, d0
002900: 090d0a03             movep.w  $a03(a5), d4
002904: 0000080f             ori.b    #$f, d0
002908: 090d0a03             movep.w  $a03(a5), d4
00290c: 0000080f             ori.b    #$f, d0
002910: 090d0a03             movep.w  $a03(a5), d4
002914: 0000080f             ori.b    #$f, d0
002918: 090d0a03             movep.w  $a03(a5), d4
00291c: 0000080f             ori.b    #$f, d0
002920: 090d0a03             movep.w  $a03(a5), d4
002924: 0000080f             ori.b    #$f, d0
002928: 090d0a03             movep.w  $a03(a5), d4
00292c: 0000080f             ori.b    #$f, d0
002930: 090d0a03             movep.w  $a03(a5), d4
002934: 0000080f             ori.b    #$f, d0
002938: 090d0a03             movep.w  $a03(a5), d4
00293c: 0000080f             ori.b    #$f, d0
002940: 090d0a03             movep.w  $a03(a5), d4
002944: 0000080f             ori.b    #$f, d0
002948: 090d0a03             movep.w  $a03(a5), d4
00294c: 0000080f             ori.b    #$f, d0
002950: 090d0a03             movep.w  $a03(a5), d4
002954: 0000080f             ori.b    #$f, d0
002958: 090d0a03             movep.w  $a03(a5), d4
00295c: 0000080f             ori.b    #$f, d0
002960: 090d0a03             movep.w  $a03(a5), d4
002964: 0000080f             ori.b    #$f, d0
002968: 090d0a03             movep.w  $a03(a5), d4
00296c: 0000080f             ori.b    #$f, d0
002970: 090d0a03             movep.w  $a03(a5), d4
002974: 0000080f             ori.b    #$f, d0
002978: 090d0a03             movep.w  $a03(a5), d4
00297c: 0000080f             ori.b    #$f, d0
002980: 090d0a03             movep.w  $a03(a5), d4
002984: 0000080f             ori.b    #$f, d0
002988: 090d0a03             movep.w  $a03(a5), d4
00298c: 0000080f             ori.b    #$f, d0
002990: 090d0a03             movep.w  $a03(a5), d4
002994: 0000080f             ori.b    #$f, d0
002998: 090d0a03             movep.w  $a03(a5), d4
00299c: 0000080f             ori.b    #$f, d0
0029a0: 090d0a03             movep.w  $a03(a5), d4
0029a4: 0000080f             ori.b    #$f, d0
0029a8: 090d0a03             movep.w  $a03(a5), d4
0029ac: 0000080f             ori.b    #$f, d0
0029b0: 090d0a03             movep.w  $a03(a5), d4
0029b4: 0000080f             ori.b    #$f, d0
0029b8: 090d0a03             movep.w  $a03(a5), d4
0029bc: 0000080f             ori.b    #$f, d0
0029c0: 090d0a03             movep.w  $a03(a5), d4
0029c4: 0000080f             ori.b    #$f, d0
0029c8: 090d0a03             movep.w  $a03(a5), d4
0029cc: 0000080f             ori.b    #$f, d0
0029d0: 090d0a03             movep.w  $a03(a5), d4
0029d4: 0000080f             ori.b    #$f, d0
0029d8: 090d0a03             movep.w  $a03(a5), d4
0029dc: 0000080f             ori.b    #$f, d0
0029e0: 090d0a03             movep.w  $a03(a5), d4
0029e4: 0000080f             ori.b    #$f, d0
0029e8: 090d0a03             movep.w  $a03(a5), d4
0029ec: 0000080f             ori.b    #$f, d0
0029f0: 090d0a03             movep.w  $a03(a5), d4
0029f4: 0000080f             ori.b    #$f, d0
0029f8: 090d0a03             movep.w  $a03(a5), d4
0029fc: 0000080f             ori.b    #$f, d0
002a00: 090d0a03             movep.w  $a03(a5), d4
002a04: 0000080f             ori.b    #$f, d0
002a08: 090d0a03             movep.w  $a03(a5), d4
002a0c: 0000080f             ori.b    #$f, d0
002a10: 090d0a03             movep.w  $a03(a5), d4
002a14: 0000080f             ori.b    #$f, d0
002a18: 090d0a03             movep.w  $a03(a5), d4
002a1c: 0000080f             ori.b    #$f, d0
002a20: 090d0a03             movep.w  $a03(a5), d4
002a24: 0000080f             ori.b    #$f, d0
002a28: 090d0a03             movep.w  $a03(a5), d4
002a2c: 0000080f             ori.b    #$f, d0
002a30: 090d0a03             movep.w  $a03(a5), d4
002a34: 0000080f             ori.b    #$f, d0
002a38: 090d0a03             movep.w  $a03(a5), d4
002a3c: 0000080f             ori.b    #$f, d0
002a40: 090d0a03             movep.w  $a03(a5), d4
002a44: 0000080f             ori.b    #$f, d0
002a48: 090d0a03             movep.w  $a03(a5), d4
002a4c: 0000080f             ori.b    #$f, d0
002a50: 090d0a03             movep.w  $a03(a5), d4
002a54: 0000080f             ori.b    #$f, d0
002a58: 090d0a03             movep.w  $a03(a5), d4
002a5c: 0000080f             ori.b    #$f, d0
002a60: 090d0a03             movep.w  $a03(a5), d4
002a64: 0000080f             ori.b    #$f, d0
002a68: 090d0a03             movep.w  $a03(a5), d4
002a6c: 0000080f             ori.b    #$f, d0
002a70: 090d0a03             movep.w  $a03(a5), d4
002a74: 0000080f             ori.b    #$f, d0
002a78: 090d0a03             movep.w  $a03(a5), d4
002a7c: 0000080f             ori.b    #$f, d0
002a80: 090d0a03             movep.w  $a03(a5), d4
002a84: 0000080f             ori.b    #$f, d0
002a88: 090d0a03             movep.w  $a03(a5), d4
002a8c: 0000080f             ori.b    #$f, d0
002a90: 090d0a03             movep.w  $a03(a5), d4
002a94: 0000080f             ori.b    #$f, d0
002a98: 090d0a03             movep.w  $a03(a5), d4
002a9c: 0000080f             ori.b    #$f, d0
002aa0: 090d0a03             movep.w  $a03(a5), d4
002aa4: 0000080f             ori.b    #$f, d0
002aa8: 090d0a03             movep.w  $a03(a5), d4
002aac: 0000080f             ori.b    #$f, d0
002ab0: 090d0a03             movep.w  $a03(a5), d4
002ab4: 0000080f             ori.b    #$f, d0
002ab8: 090d0a03             movep.w  $a03(a5), d4
002abc: 0000080f             ori.b    #$f, d0
002ac0: 090d0a03             movep.w  $a03(a5), d4
002ac4: 0000080f             ori.b    #$f, d0
002ac8: 090d0a03             movep.w  $a03(a5), d4
002acc: 0000080f             ori.b    #$f, d0
002ad0: 090d0a03             movep.w  $a03(a5), d4
002ad4: 0000080f             ori.b    #$f, d0
002ad8: 090d0a03             movep.w  $a03(a5), d4
002adc: 0000080f             ori.b    #$f, d0
002ae0: 090d0a03             movep.w  $a03(a5), d4
002ae4: 0000080f             ori.b    #$f, d0
002ae8: 090d0a03             movep.w  $a03(a5), d4
002aec: 0000080f             ori.b    #$f, d0
002af0: 090d0a03             movep.w  $a03(a5), d4
002af4: 0000080f             ori.b    #$f, d0
002af8: 090d0a03             movep.w  $a03(a5), d4
002afc: 0000080f             ori.b    #$f, d0
002b00: 090d0a03             movep.w  $a03(a5), d4
002b04: 0000080f             ori.b    #$f, d0
002b08: 090d0a03             movep.w  $a03(a5), d4
002b0c: 0000080f             ori.b    #$f, d0
002b10: 090d0a03             movep.w  $a03(a5), d4
002b14: 0000080f             ori.b    #$f, d0
002b18: 090d0a03             movep.w  $a03(a5), d4
002b1c: 0000080f             ori.b    #$f, d0
002b20: 090d0a03             movep.w  $a03(a5), d4
002b24: 0000080f             ori.b    #$f, d0
002b28: 090d0a03             movep.w  $a03(a5), d4
002b2c: 0000080f             ori.b    #$f, d0
002b30: 090d0a03             movep.w  $a03(a5), d4
002b34: 0000080f             ori.b    #$f, d0
002b38: 090d0a03             movep.w  $a03(a5), d4
002b3c: 0000080f             ori.b    #$f, d0
002b40: 090d0a03             movep.w  $a03(a5), d4
002b44: 0000080f             ori.b    #$f, d0
002b48: 090d0a03             movep.w  $a03(a5), d4
002b4c: 0000080f             ori.b    #$f, d0
002b50: 090d0a03             movep.w  $a03(a5), d4
002b54: 0000080f             ori.b    #$f, d0
002b58: 090d0a03             movep.w  $a03(a5), d4
002b5c: 0000080f             ori.b    #$f, d0
002b60: 090d0a03             movep.w  $a03(a5), d4
002b64: 0000080f             ori.b    #$f, d0
002b68: 090d0a03             movep.w  $a03(a5), d4
002b6c: 0000080f             ori.b    #$f, d0
002b70: 090d0a03             movep.w  $a03(a5), d4
002b74: 0000080f             ori.b    #$f, d0
002b78: 090d0a03             movep.w  $a03(a5), d4
002b7c: 0000080f             ori.b    #$f, d0
002b80: 090d0a03             movep.w  $a03(a5), d4
002b84: 0000080f             ori.b    #$f, d0
002b88: 090d0a03             movep.w  $a03(a5), d4
002b8c: 0000080f             ori.b    #$f, d0
002b90: 090d0a03             movep.w  $a03(a5), d4
002b94: 0000080f             ori.b    #$f, d0
002b98: 090d0a03             movep.w  $a03(a5), d4
002b9c: 0000080f             ori.b    #$f, d0
002ba0: 090d0a03             movep.w  $a03(a5), d4
002ba4: 0000080f             ori.b    #$f, d0
002ba8: 090d0a03             movep.w  $a03(a5), d4
002bac: 0000080f             ori.b    #$f, d0
002bb0: 090d0a03             movep.w  $a03(a5), d4
002bb4: 0000080f             ori.b    #$f, d0
002bb8: 090d0a03             movep.w  $a03(a5), d4
002bbc: 0000080f             ori.b    #$f, d0
002bc0: 090d0a03             movep.w  $a03(a5), d4
002bc4: 0000080f             ori.b    #$f, d0
002bc8: 090d0a03             movep.w  $a03(a5), d4
002bcc: 0000080f             ori.b    #$f, d0
002bd0: 090d0a03             movep.w  $a03(a5), d4
002bd4: 0000080f             ori.b    #$f, d0
002bd8: 090d0a03             movep.w  $a03(a5), d4
002bdc: 0000080f             ori.b    #$f, d0
002be0: 090d0a03             movep.w  $a03(a5), d4
002be4: 0000080f             ori.b    #$f, d0
002be8: 090d0a03             movep.w  $a03(a5), d4
002bec: 0000080f             ori.b    #$f, d0
002bf0: 090d0a03             movep.w  $a03(a5), d4
002bf4: 0000080f             ori.b    #$f, d0
002bf8: 090d0a03             movep.w  $a03(a5), d4
002bfc: 0000080f             ori.b    #$f, d0
002c00: 090d0a03             movep.w  $a03(a5), d4
002c04: 0000080f             ori.b    #$f, d0
002c08: 090d0a03             movep.w  $a03(a5), d4
002c0c: 0000080f             ori.b    #$f, d0
002c10: 090d0a03             movep.w  $a03(a5), d4
002c14: 0000080f             ori.b    #$f, d0
002c18: 090d0a03             movep.w  $a03(a5), d4
002c1c: 0000080f             ori.b    #$f, d0
002c20: 090d0a03             movep.w  $a03(a5), d4
002c24: 0000080f             ori.b    #$f, d0
002c28: 090d0a03             movep.w  $a03(a5), d4
002c2c: 0000080f             ori.b    #$f, d0
002c30: 090d0a03             movep.w  $a03(a5), d4
002c34: 0000080f             ori.b    #$f, d0
002c38: 090d0a03             movep.w  $a03(a5), d4
002c3c: 0000080f             ori.b    #$f, d0
002c40: 090d0a03             movep.w  $a03(a5), d4
002c44: 0000080f             ori.b    #$f, d0
002c48: 090d0a03             movep.w  $a03(a5), d4
002c4c: 0000080f             ori.b    #$f, d0
002c50: 090d0a03             movep.w  $a03(a5), d4
002c54: 0000080f             ori.b    #$f, d0
002c58: 090d0a03             movep.w  $a03(a5), d4
002c5c: 0000080f             ori.b    #$f, d0
002c60: 090d0a03             movep.w  $a03(a5), d4
002c64: 0000080f             ori.b    #$f, d0
002c68: 090d0a03             movep.w  $a03(a5), d4
002c6c: 0000080f             ori.b    #$f, d0
002c70: 090d0a03             movep.w  $a03(a5), d4
002c74: 0000080f             ori.b    #$f, d0
002c78: 090d0a03             movep.w  $a03(a5), d4
002c7c: 0000080f             ori.b    #$f, d0
002c80: 090d0a03             movep.w  $a03(a5), d4
002c84: 0000080f             ori.b    #$f, d0
002c88: 090d0a03             movep.w  $a03(a5), d4
002c8c: 0000080f             ori.b    #$f, d0
002c90: 090d0a03             movep.w  $a03(a5), d4
002c94: 0000080f             ori.b    #$f, d0
002c98: 090d0a03             movep.w  $a03(a5), d4
002c9c: 0000080f             ori.b    #$f, d0
002ca0: 090d0a03             movep.w  $a03(a5), d4
002ca4: 0000080f             ori.b    #$f, d0
002ca8: 090d0a03             movep.w  $a03(a5), d4
002cac: 0000080f             ori.b    #$f, d0
002cb0: 090d0a03             movep.w  $a03(a5), d4
002cb4: 0000080f             ori.b    #$f, d0
002cb8: 090d0a03             movep.w  $a03(a5), d4
002cbc: 0000080f             ori.b    #$f, d0
002cc0: 090d0a03             movep.w  $a03(a5), d4
002cc4: 0000080f             ori.b    #$f, d0
002cc8: 090d0a03             movep.w  $a03(a5), d4
002ccc: 0000080f             ori.b    #$f, d0
002cd0: 090d0a03             movep.w  $a03(a5), d4
002cd4: 0000080f             ori.b    #$f, d0
002cd8: 090d0a03             movep.w  $a03(a5), d4
002cdc: 0000080f             ori.b    #$f, d0
002ce0: 090d0a03             movep.w  $a03(a5), d4
002ce4: 0000080f             ori.b    #$f, d0
002ce8: 090d0a03             movep.w  $a03(a5), d4
002cec: 0000080f             ori.b    #$f, d0
002cf0: 090d0a03             movep.w  $a03(a5), d4
002cf4: 0000080f             ori.b    #$f, d0
002cf8: 090d0a03             movep.w  $a03(a5), d4
002cfc: 0000080f             ori.b    #$f, d0
002d00: 090d0a03             movep.w  $a03(a5), d4
002d04: 0000080f             ori.b    #$f, d0
002d08: 090d0a03             movep.w  $a03(a5), d4
002d0c: 0000080f             ori.b    #$f, d0
002d10: 090d0a03             movep.w  $a03(a5), d4
002d14: 0000080f             ori.b    #$f, d0
002d18: 090d0a03             movep.w  $a03(a5), d4
002d1c: 0000080f             ori.b    #$f, d0
002d20: 090d0a03             movep.w  $a03(a5), d4
002d24: 0000080f             ori.b    #$f, d0
002d28: 090d0a03             movep.w  $a03(a5), d4
002d2c: 0000080f             ori.b    #$f, d0
002d30: 090d0a03             movep.w  $a03(a5), d4
002d34: 0000080f             ori.b    #$f, d0
002d38: 090d0a03             movep.w  $a03(a5), d4
002d3c: 0000080f             ori.b    #$f, d0
002d40: 090d0a03             movep.w  $a03(a5), d4
002d44: 0000080f             ori.b    #$f, d0
002d48: 090d0a03             movep.w  $a03(a5), d4
002d4c: 0000080f             ori.b    #$f, d0
002d50: 090d0a03             movep.w  $a03(a5), d4
002d54: 0000080f             ori.b    #$f, d0
002d58: 090d0a03             movep.w  $a03(a5), d4
002d5c: 0000080f             ori.b    #$f, d0
002d60: 090d0a03             movep.w  $a03(a5), d4
002d64: 0000080f             ori.b    #$f, d0
002d68: 090d0a03             movep.w  $a03(a5), d4
002d6c: 0000080f             ori.b    #$f, d0
002d70: 090d0a03             movep.w  $a03(a5), d4
002d74: 0000080f             ori.b    #$f, d0
002d78: 090d0a03             movep.w  $a03(a5), d4
002d7c: 0000080f             ori.b    #$f, d0
002d80: 090d0a03             movep.w  $a03(a5), d4
002d84: 0000080f             ori.b    #$f, d0
002d88: 090d0a03             movep.w  $a03(a5), d4
002d8c: 0000080f             ori.b    #$f, d0
002d90: 090d0a03             movep.w  $a03(a5), d4
002d94: 0000080f             ori.b    #$f, d0
002d98: 090d0a03             movep.w  $a03(a5), d4
002d9c: 0000080f             ori.b    #$f, d0
002da0: 090d0a03             movep.w  $a03(a5), d4
002da4: 0000080f             ori.b    #$f, d0
002da8: 090d0a03             movep.w  $a03(a5), d4
002dac: 0000080f             ori.b    #$f, d0
002db0: 090d0a03             movep.w  $a03(a5), d4
002db4: 0000080f             ori.b    #$f, d0
002db8: 090d0a03             movep.w  $a03(a5), d4
002dbc: 0000080f             ori.b    #$f, d0
002dc0: 090d0a03             movep.w  $a03(a5), d4
002dc4: 0000080f             ori.b    #$f, d0
002dc8: 090d0a03             movep.w  $a03(a5), d4
002dcc: 0000080f             ori.b    #$f, d0
002dd0: 090d0a03             movep.w  $a03(a5), d4
002dd4: 0000080f             ori.b    #$f, d0
002dd8: 090d0a03             movep.w  $a03(a5), d4
002ddc: 0000080f             ori.b    #$f, d0
002de0: 090d0a03             movep.w  $a03(a5), d4
002de4: 0000080f             ori.b    #$f, d0
002de8: 090d0a03             movep.w  $a03(a5), d4
002dec: 0000080f             ori.b    #$f, d0
002df0: 090d0a03             movep.w  $a03(a5), d4
002df4: 0000080f             ori.b    #$f, d0
002df8: 090d0a03             movep.w  $a03(a5), d4
002dfc: 0000080f             ori.b    #$f, d0
002e00: 090d0a03             movep.w  $a03(a5), d4
002e04: 0000080f             ori.b    #$f, d0
002e08: 090d0a03             movep.w  $a03(a5), d4
002e0c: 0000080f             ori.b    #$f, d0
002e10: 090d0a03             movep.w  $a03(a5), d4
002e14: 0000080f             ori.b    #$f, d0
002e18: 090d0a03             movep.w  $a03(a5), d4
002e1c: 0000080f             ori.b    #$f, d0
002e20: 090d0a03             movep.w  $a03(a5), d4
002e24: 0000080f             ori.b    #$f, d0
002e28: 090d0a03             movep.w  $a03(a5), d4
002e2c: 0000080f             ori.b    #$f, d0
002e30: 090d0a03             movep.w  $a03(a5), d4
002e34: 00000885             ori.b    #$85, d0
002e38: 00036700             ori.b    #$0, d3
002e3c: 00224a79             ori.b    #$79, -(a2)
002e40: 00003326             ori.b    #$26, d0
002e44: 67000012             beq.w    $2e58
002e48: 41f9000032f4         lea.l    $32f4.l, a0
002e4e: 23fc0100000000003324 move.l   #$1000000, $3324.l
002e58: 90b900003324         sub.l    $3324.l, d0
002e5e: 08850002             bclr.b   #$2, d5
002e62: 67000022             beq.w    $2e86
002e66: 4a790000332a         tst.w    $332a.l
002e6c: 67000012             beq.w    $2e80
002e70: 43f9000032f4         lea.l    $32f4.l, a1
002e76: 23fc0100000000003328 move.l   #$1000000, $3328.l
002e80: 92b900003328         sub.l    $3328.l, d1
002e86: 08850001             bclr.b   #$1, d5
002e8a: 67000022             beq.w    $2eae
002e8e: 4a790000332e         tst.w    $332e.l
002e94: 67000012             beq.w    $2ea8
002e98: 45f9000032f4         lea.l    $32f4.l, a2
002e9e: 23fc010000000000332c move.l   #$1000000, $332c.l
002ea8: 94b90000332c         sub.l    $332c.l, d2
002eae: 08850000             bclr.b   #$0, d5
002eb2: 67000022             beq.w    $2ed6
002eb6: 4a7900003332         tst.w    $3332.l
002ebc: 67000012             beq.w    $2ed0
002ec0: 47f9000032f4         lea.l    $32f4.l, a3
002ec6: 23fc0100000000003330 move.l   #$1000000, $3330.l
002ed0: 96b900003330         sub.l    $3330.l, d3
002ed6: 4e73                 rte      
002ed8: 52b9000031d4         addq.l   #$1, $31d4.l
002ede: 46fc2700             move.w   #$2700, sr
002ee2: 0c39003b00000062     cmpi.b   #$3b, $62.l
002eea: 66000012             bne.w    $2efe
002eee: 287cffff8800         movea.l  #$ffff8800, a4
002ef4: 23fc00000dda00000134 move.l   #$dda, $134.l
002efe: 0c39003c00000062     cmpi.b   #$3c, $62.l
002f06: 66000012             bne.w    $2f1a
002f0a: 287cfffa0000         movea.l  #$fffa0000, a4
002f10: 23fc0000058600000134 move.l   #$586, $134.l
002f1a: 46fc2500             move.w   #$2500, sr
002f1e: 48e70306             movem.l  d6-d7/a5-a6, -(a7)
002f22: 4bf9000032f4         lea.l    $32f4.l, a5
002f28: 6100004e             bsr.w    $2f78
002f2c: 4bf9000032f8         lea.l    $32f8.l, a5
002f32: 61000044             bsr.w    $2f78
002f36: 4bf9000032fc         lea.l    $32fc.l, a5
002f3c: 6100003a             bsr.w    $2f78
002f40: 4bf900003300         lea.l    $3300.l, a5
002f46: 61000030             bsr.w    $2f78
002f4a: 4bf9000032f4         lea.l    $32f4.l, a5
002f50: 61000070             bsr.w    $2fc2
002f54: 4bf9000032f8         lea.l    $32f8.l, a5
002f5a: 61000066             bsr.w    $2fc2
002f5e: 4bf9000032fc         lea.l    $32fc.l, a5
002f64: 6100005c             bsr.w    $2fc2
002f68: 4bf900003300         lea.l    $3300.l, a5
002f6e: 61000052             bsr.w    $2fc2
002f72: 4cdf60c0             movem.l  (a7)+, d6-d7/a5-a6
002f76: 4e73                 rte      
002f78: 0c6d00530040         cmpi.w   #$53, $40(a5)
002f7e: 66000040             bne.w    $2fc0
002f82: 2c2d0050             move.l   $50(a5), d6
002f86: dcad0010             add.l    $10(a5), d6
002f8a: 2b460010             move.l   d6, $10(a5)
002f8e: 4aad0050             tst.l    $50(a5)
002f92: 6b000018             bmi.w    $2fac
002f96: bcad0060             cmp.l    $60(a5), d6
002f9a: 6d000024             blt.w    $2fc0
002f9e: 3b7c00500040         move.w   #$50, $40(a5)
002fa4: 2b6d00600010         move.l   $60(a5), $10(a5)
002faa: 4e75                 rts      
002fac: bcad0060             cmp.l    $60(a5), d6
002fb0: 6e00000e             bgt.w    $2fc0
002fb4: 3b7c00500040         move.w   #$50, $40(a5)
002fba: 2b6d00600010         move.l   $60(a5), $10(a5)
002fc0: 4e75                 rts      
002fc2: 536d0070             subq.w   #$1, $70(a5)
002fc6: 6600004e             bne.w    $3016
002fca: 2c6d0080             movea.l  $80(a5), a6
002fce: 06ad0000000c0080     addi.l   #$c, $80(a5)
002fd6: 3c16                 move.w   (a6), d6
002fd8: 3b460040             move.w   d6, $40(a5)
002fdc: bc7c0050             cmp.w    #$50, d6
002fe0: 67000036             beq.w    $3018
002fe4: bc7c0052             cmp.w    #$52, d6
002fe8: 67000050             beq.w    $303a
002fec: bc7c0046             cmp.w    #$46, d6
002ff0: 67000066             beq.w    $3058
002ff4: bc7c0056             cmp.w    #$56, d6
002ff8: 67000068             beq.w    $3062
002ffc: bc7c006c             cmp.w    #$6c, d6
003000: 67000084             beq.w    $3086
003004: bc7c004c             cmp.w    #$4c, d6
003008: 6700008e             beq.w    $3098
00300c: bc7c0053             cmp.w    #$53, d6
003010: 670000b8             beq.w    $30ca
003014: 4e75                 rts      
003016: 4e75                 rts      
003018: 2c2d0000             move.l   $0(a5), d6
00301c: 2e2d0020             move.l   $20(a5), d7
003020: 610000be             bsr.w    $30e0
003024: 2b6d00900030         move.l   $90(a5), $30(a5)
00302a: 2b6e00040010         move.l   $4(a6), $10(a5)
003030: 3b6e00020070         move.w   $2(a6), $70(a5)
003036: 6000ffdc             bra.w    $3014
00303a: 2c3cff000000         move.l   #$ff000000, d6
003040: 2e3c000032f4         move.l   #$32f4, d7
003046: 61000098             bsr.w    $30e0
00304a: 42ad0010             clr.l    $10(a5)
00304e: 3b6e00020070         move.w   $2(a6), $70(a5)
003054: 6000ffbe             bra.w    $3014
003058: 2b6d00a00080         move.l   $a0(a5), $80(a5)
00305e: 6000ff6a             bra.w    $2fca
003062: 2c6e0008             movea.l  $8(a6), a6
003066: 2b6efffc0000         move.l   -$4(a6), $0(a5)
00306c: 44ad0000             neg.l    $0(a5)
003070: 2b6efff80090         move.l   -$8(a6), $90(a5)
003076: 7e00                 moveq    #$0, d7
003078: 3e2efffc             move.w   -$4(a6), d7
00307c: ddc7                 adda.l   d7, a6
00307e: 2b4e0020             move.l   a6, $20(a5)
003082: 6000ff46             bra.w    $2fca
003086: 2c6d00b0             movea.l  $b0(a5), a6
00308a: 2d2d0080             move.l   $80(a5), -(a6)
00308e: 4266                 clr.w    -(a6)
003090: 2b4e00b0             move.l   a6, $b0(a5)
003094: 6000ff34             bra.w    $2fca
003098: 3e2e0008             move.w   $8(a6), d7
00309c: 2c6d00b0             movea.l  $b0(a5), a6
0030a0: 3c1e                 move.w   (a6)+, d6
0030a2: 4a46                 tst.w    d6
0030a4: 66000006             bne.w    $30ac
0030a8: 3c07                 move.w   d7, d6
0030aa: 5246                 addq.w   #$1, d6
0030ac: 5346                 subq.w   #$1, d6
0030ae: 67000010             beq.w    $30c0
0030b2: 2b560080             move.l   (a6), $80(a5)
0030b6: 3d06                 move.w   d6, -(a6)
0030b8: 2b4e00b0             move.l   a6, $b0(a5)
0030bc: 6000ff0c             bra.w    $2fca
0030c0: 588e                 addq.l   #$4, a6
0030c2: 2b4e00b0             move.l   a6, $b0(a5)
0030c6: 6000ff02             bra.w    $2fca
0030ca: 2b6e00040060         move.l   $4(a6), $60(a5)
0030d0: 3b6e00020070         move.w   $2(a6), $70(a5)
0030d6: 2b6e00080050         move.l   $8(a6), $50(a5)
0030dc: 6000ff36             bra.w    $3014
0030e0: bbfc000032f4         cmpa.l   #$32f4, a5
0030e6: 67000022             beq.w    $310a
0030ea: bbfc000032f8         cmpa.l   #$32f8, a5
0030f0: 6700001e             beq.w    $3110
0030f4: bbfc000032fc         cmpa.l   #$32fc, a5
0030fa: 6700001a             beq.w    $3116
0030fe: bbfc00003300         cmpa.l   #$3300, a5
003104: 67000016             beq.w    $311c
003108: 4e75                 rts      
00310a: 2006                 move.l   d6, d0
00310c: 2047                 movea.l  d7, a0
00310e: 4e75                 rts      
003110: 2206                 move.l   d6, d1
003112: 2247                 movea.l  d7, a1
003114: 4e75                 rts      
003116: 2406                 move.l   d6, d2
003118: 2447                 movea.l  d7, a2
00311a: 4e75                 rts      
00311c: 2606                 move.l   d6, d3
00311e: 2647                 movea.l  d7, a3
003120: 4e75                 rts      
003122: 13f900fffa07000031dc move.b   $fffa07.l, $31dc.l
00312c: 13f900fffa09000031dd move.b   $fffa09.l, $31dd.l
003136: 13f900fffa13000031de move.b   $fffa13.l, $31de.l
003140: 13f900fffa15000031df move.b   $fffa15.l, $31df.l
00314a: 13f900fffa1f000031e0 move.b   $fffa1f.l, $31e0.l
003154: 13f900fffa19000031e1 move.b   $fffa19.l, $31e1.l
00315e: 13f900fffa17000031e2 move.b   $fffa17.l, $31e2.l
003168: 4e75                 rts      
00316a: 13f9000031e200fffa17 move.b   $31e2.l, $fffa17.l
003174: 13f9000031e100fffa19 move.b   $31e1.l, $fffa19.l
00317e: 13f9000031e000fffa1f move.b   $31e0.l, $fffa1f.l
003188: 13f9000031df00fffa15 move.b   $31df.l, $fffa15.l
003192: 13f9000031de00fffa13 move.b   $31de.l, $fffa13.l
00319c: 13f9000031dd00fffa09 move.b   $31dd.l, $fffa09.l
0031a6: 13f9000031dc00fffa07 move.b   $31dc.l, $fffa07.l
0031b0: 4e75                 rts      
0031b2: 13fc002000fffa13     move.b   #$20, $fffa13.l
0031ba: 13fc006000fffa15     move.b   #$60, $fffa15.l
0031c2: 13fc002000fffa07     move.b   #$20, $fffa07.l
0031ca: 13fc006000fffa09     move.b   #$60, $fffa09.l
0031d2: 4e75                 rts      
0031d4: 00000000             ori.b    #$0, d0
0031d8: 00000000             ori.b    #$0, d0
0031dc: 00000000             ori.b    #$0, d0
0031e0: 00000000             ori.b    #$0, d0
0031e4: 00000000             ori.b    #$0, d0
0031e8: 00000000             ori.b    #$0, d0
0031ec: 0100                 btst.l   d0, d0
0031ee: 00000100             ori.b    #$0, d0
0031f2: 00008080             ori.b    #$80, d0
0031f6: 8080                 or.l     d0, d0
0031f8: 8080                 or.l     d0, d0
0031fa: 8080                 or.l     d0, d0
0031fc: 8080                 or.l     d0, d0
0031fe: 8080                 or.l     d0, d0
003200: 8080                 or.l     d0, d0
003202: 8080                 or.l     d0, d0
003204: 8080                 or.l     d0, d0
003206: 8080                 or.l     d0, d0
003208: 8080                 or.l     d0, d0
00320a: 8080                 or.l     d0, d0
00320c: 8080                 or.l     d0, d0
00320e: 8080                 or.l     d0, d0
003210: 8080                 or.l     d0, d0
003212: 8080                 or.l     d0, d0
003214: 8080                 or.l     d0, d0
003216: 8080                 or.l     d0, d0
003218: 8080                 or.l     d0, d0
00321a: 8080                 or.l     d0, d0
00321c: 8080                 or.l     d0, d0
00321e: 8080                 or.l     d0, d0
003220: 8080                 or.l     d0, d0
003222: 8080                 or.l     d0, d0
003224: 8080                 or.l     d0, d0
003226: 8080                 or.l     d0, d0
003228: 8080                 or.l     d0, d0
00322a: 8080                 or.l     d0, d0
00322c: 8080                 or.l     d0, d0
00322e: 8080                 or.l     d0, d0
003230: 8080                 or.l     d0, d0
003232: 8080                 or.l     d0, d0
003234: 8080                 or.l     d0, d0
003236: 8080                 or.l     d0, d0
003238: 8080                 or.l     d0, d0
00323a: 8080                 or.l     d0, d0
00323c: 8080                 or.l     d0, d0
00323e: 8080                 or.l     d0, d0
003240: 8080                 or.l     d0, d0
003242: 8080                 or.l     d0, d0
003244: 8080                 or.l     d0, d0
003246: 8080                 or.l     d0, d0
003248: 8080                 or.l     d0, d0
00324a: 8080                 or.l     d0, d0
00324c: 8080                 or.l     d0, d0
00324e: 8080                 or.l     d0, d0
003250: 8080                 or.l     d0, d0
003252: 8080                 or.l     d0, d0
003254: 8080                 or.l     d0, d0
003256: 8080                 or.l     d0, d0
003258: 8080                 or.l     d0, d0
00325a: 8080                 or.l     d0, d0
00325c: 8080                 or.l     d0, d0
00325e: 8080                 or.l     d0, d0
003260: 8080                 or.l     d0, d0
003262: 8080                 or.l     d0, d0
003264: 8080                 or.l     d0, d0
003266: 8080                 or.l     d0, d0
003268: 8080                 or.l     d0, d0
00326a: 8080                 or.l     d0, d0
00326c: 8080                 or.l     d0, d0
00326e: 8080                 or.l     d0, d0
003270: 8080                 or.l     d0, d0
003272: 8080                 or.l     d0, d0
003274: 8080                 or.l     d0, d0
003276: 8080                 or.l     d0, d0
003278: 8080                 or.l     d0, d0
00327a: 8080                 or.l     d0, d0
00327c: 8080                 or.l     d0, d0
00327e: 8080                 or.l     d0, d0
003280: 8080                 or.l     d0, d0
003282: 8080                 or.l     d0, d0
003284: 8080                 or.l     d0, d0
003286: 8080                 or.l     d0, d0
003288: 8080                 or.l     d0, d0
00328a: 8080                 or.l     d0, d0
00328c: 8080                 or.l     d0, d0
00328e: 8080                 or.l     d0, d0
003290: 8080                 or.l     d0, d0
003292: 8080                 or.l     d0, d0
003294: 8080                 or.l     d0, d0
003296: 8080                 or.l     d0, d0
003298: 8080                 or.l     d0, d0
00329a: 8080                 or.l     d0, d0
00329c: 8080                 or.l     d0, d0
00329e: 8080                 or.l     d0, d0
0032a0: 8080                 or.l     d0, d0
0032a2: 8080                 or.l     d0, d0
0032a4: 8080                 or.l     d0, d0
0032a6: 8080                 or.l     d0, d0
0032a8: 8080                 or.l     d0, d0
0032aa: 8080                 or.l     d0, d0
0032ac: 8080                 or.l     d0, d0
0032ae: 8080                 or.l     d0, d0
0032b0: 8080                 or.l     d0, d0
0032b2: 8080                 or.l     d0, d0
0032b4: 8080                 or.l     d0, d0
0032b6: 8080                 or.l     d0, d0
0032b8: 8080                 or.l     d0, d0
0032ba: 8080                 or.l     d0, d0
0032bc: 8080                 or.l     d0, d0
0032be: 8080                 or.l     d0, d0
0032c0: 8080                 or.l     d0, d0
0032c2: 8080                 or.l     d0, d0
0032c4: 8080                 or.l     d0, d0
0032c6: 8080                 or.l     d0, d0
0032c8: 8080                 or.l     d0, d0
0032ca: 8080                 or.l     d0, d0
0032cc: 8080                 or.l     d0, d0
0032ce: 8080                 or.l     d0, d0
0032d0: 8080                 or.l     d0, d0
0032d2: 8080                 or.l     d0, d0
0032d4: 8080                 or.l     d0, d0
0032d6: 8080                 or.l     d0, d0
0032d8: 8080                 or.l     d0, d0
0032da: 8080                 or.l     d0, d0
0032dc: 8080                 or.l     d0, d0
0032de: 8080                 or.l     d0, d0
0032e0: 8080                 or.l     d0, d0
0032e2: 8080                 or.l     d0, d0
0032e4: 8080                 or.l     d0, d0
0032e6: 8080                 or.l     d0, d0
0032e8: 8080                 or.l     d0, d0
0032ea: 8080                 or.l     d0, d0
0032ec: 8080                 or.l     d0, d0
0032ee: 8080                 or.l     d0, d0
0032f0: 8080                 or.l     d0, d0
0032f2: 8080                 or.l     d0, d0
0032f4: 00000000             ori.b    #$0, d0
0032f8: 00000000             ori.b    #$0, d0
0032fc: 00000000             ori.b    #$0, d0
003300: 00000000             ori.b    #$0, d0
003304: 00000000             ori.b    #$0, d0
003308: 00000000             ori.b    #$0, d0
00330c: 00000000             ori.b    #$0, d0
003310: 00000000             ori.b    #$0, d0
003314: 000032f4             ori.b    #$f4, d0
003318: 000032f4             ori.b    #$f4, d0
00331c: 000032f4             ori.b    #$f4, d0
003320: 000032f4             ori.b    #$f4, d0
003324: 00000000             ori.b    #$0, d0
003328: 00000000             ori.b    #$0, d0
00332c: 00000000             ori.b    #$0, d0
003330: 00000000             ori.b    #$0, d0
003334: 00000052             ori.b    #$52, d0
003338: 00000052             ori.b    #$52, d0
00333c: 00000052             ori.b    #$52, d0
003340: 00000052             ori.b    #$52, d0
003344: 00000000             ori.b    #$0, d0
003348: 00000000             ori.b    #$0, d0
00334c: 00000000             ori.b    #$0, d0
003350: 00000000             ori.b    #$0, d0
003354: 00000000             ori.b    #$0, d0
003358: 00000000             ori.b    #$0, d0
00335c: 00000000             ori.b    #$0, d0
003360: 00000000             ori.b    #$0, d0
003364: 00000001             ori.b    #$1, d0
003368: 00000001             ori.b    #$1, d0
00336c: 00000001             ori.b    #$1, d0
003370: 00000001             ori.b    #$1, d0
003374: 00000000             ori.b    #$0, d0
003378: 00000000             ori.b    #$0, d0
00337c: 00000000             ori.b    #$0, d0
003380: 00000000             ori.b    #$0, d0
003384: 00000000             ori.b    #$0, d0
003388: 00000000             ori.b    #$0, d0
00338c: 00000000             ori.b    #$0, d0
003390: 00000000             ori.b    #$0, d0
003394: 00000000             ori.b    #$0, d0
003398: 00000000             ori.b    #$0, d0
00339c: 00000000             ori.b    #$0, d0
0033a0: 00000000             ori.b    #$0, d0
0033a4: 000036e4             ori.b    #$e4, d0
0033a8: 00003878             ori.b    #$78, d0
0033ac: 00003a0c             ori.b    #$c, d0
0033b0: 00003ba0             ori.b    #$a0, d0
0033b4: 00000000             ori.b    #$0, d0
0033b8: 00000000             ori.b    #$0, d0
0033bc: 00000000             ori.b    #$0, d0
0033c0: 00000000             ori.b    #$0, d0
0033c4: 00000000             ori.b    #$0, d0
0033c8: 00000000             ori.b    #$0, d0
0033cc: 00000000             ori.b    #$0, d0
0033d0: 00000000             ori.b    #$0, d0
0033d4: 00000000             ori.b    #$0, d0
0033d8: 00000000             ori.b    #$0, d0
0033dc: 00000000             ori.b    #$0, d0
0033e0: 00000000             ori.b    #$0, d0
0033e4: 00000000             ori.b    #$0, d0
0033e8: 00000000             ori.b    #$0, d0
0033ec: 00000000             ori.b    #$0, d0
0033f0: 00000000             ori.b    #$0, d0
0033f4: 00000000             ori.b    #$0, d0
0033f8: 00000000             ori.b    #$0, d0
0033fc: 00000000             ori.b    #$0, d0
003400: 00000000             ori.b    #$0, d0
003404: 00000000             ori.b    #$0, d0
003408: 00000000             ori.b    #$0, d0
00340c: 00000000             ori.b    #$0, d0
003410: 00000000             ori.b    #$0, d0
003414: 00000000             ori.b    #$0, d0
003418: 00000000             ori.b    #$0, d0
00341c: 00000000             ori.b    #$0, d0
003420: 00000000             ori.b    #$0, d0
003424: 00000000             ori.b    #$0, d0
003428: 00000000             ori.b    #$0, d0
00342c: 00000000             ori.b    #$0, d0
003430: 00000000             ori.b    #$0, d0
003434: 00000000             ori.b    #$0, d0
003438: 00000000             ori.b    #$0, d0
00343c: 00000000             ori.b    #$0, d0
003440: 00000000             ori.b    #$0, d0
003444: 00000000             ori.b    #$0, d0
003448: 00000000             ori.b    #$0, d0
00344c: 00000000             ori.b    #$0, d0
003450: 00000000             ori.b    #$0, d0
003454: 00000000             ori.b    #$0, d0
003458: 00000000             ori.b    #$0, d0
00345c: 00000000             ori.b    #$0, d0
003460: 00000000             ori.b    #$0, d0
003464: 00000000             ori.b    #$0, d0
003468: 00000000             ori.b    #$0, d0
00346c: 00000000             ori.b    #$0, d0
003470: 00000000             ori.b    #$0, d0
003474: 00000000             ori.b    #$0, d0
003478: 00000000             ori.b    #$0, d0
00347c: 00000000             ori.b    #$0, d0
003480: 00000000             ori.b    #$0, d0
003484: 00000000             ori.b    #$0, d0
003488: 00000000             ori.b    #$0, d0
00348c: 00000000             ori.b    #$0, d0
003490: 00000000             ori.b    #$0, d0
003494: 00000000             ori.b    #$0, d0
003498: 00000000             ori.b    #$0, d0
00349c: 00000000             ori.b    #$0, d0
0034a0: 00000000             ori.b    #$0, d0
0034a4: 00000000             ori.b    #$0, d0
0034a8: 00000000             ori.b    #$0, d0
0034ac: 00000000             ori.b    #$0, d0
0034b0: 00000000             ori.b    #$0, d0
0034b4: 00000000             ori.b    #$0, d0
0034b8: 00000000             ori.b    #$0, d0
0034bc: 00000000             ori.b    #$0, d0
0034c0: 00000000             ori.b    #$0, d0
0034c4: 00000000             ori.b    #$0, d0
0034c8: 00000000             ori.b    #$0, d0
0034cc: 00000000             ori.b    #$0, d0
0034d0: 00000000             ori.b    #$0, d0
0034d4: 00000000             ori.b    #$0, d0
0034d8: 00000000             ori.b    #$0, d0
0034dc: 00000000             ori.b    #$0, d0
0034e0: 00000000             ori.b    #$0, d0
0034e4: 00000000             ori.b    #$0, d0
0034e8: 00000000             ori.b    #$0, d0
0034ec: 00000000             ori.b    #$0, d0
0034f0: 00000000             ori.b    #$0, d0
0034f4: 00000000             ori.b    #$0, d0
0034f8: 00000000             ori.b    #$0, d0
0034fc: 00000000             ori.b    #$0, d0
003500: 00000000             ori.b    #$0, d0
003504: 00000000             ori.b    #$0, d0
003508: 00000000             ori.b    #$0, d0
00350c: 00000000             ori.b    #$0, d0
003510: 00000000             ori.b    #$0, d0
003514: 00000000             ori.b    #$0, d0
003518: 00000000             ori.b    #$0, d0
00351c: 00000000             ori.b    #$0, d0
003520: 00000000             ori.b    #$0, d0
003524: 00000000             ori.b    #$0, d0
003528: 00000000             ori.b    #$0, d0
00352c: 00000000             ori.b    #$0, d0
003530: 00000000             ori.b    #$0, d0
003534: 00000000             ori.b    #$0, d0
003538: 00000000             ori.b    #$0, d0
00353c: 00000000             ori.b    #$0, d0
003540: 00000000             ori.b    #$0, d0
003544: 00000000             ori.b    #$0, d0
003548: 00000000             ori.b    #$0, d0
00354c: 00000000             ori.b    #$0, d0
003550: 00000000             ori.b    #$0, d0
003554: 00000000             ori.b    #$0, d0
003558: 00000000             ori.b    #$0, d0
00355c: 00000000             ori.b    #$0, d0
003560: 00000000             ori.b    #$0, d0
003564: 00000000             ori.b    #$0, d0
003568: 00000000             ori.b    #$0, d0
00356c: 00000000             ori.b    #$0, d0
003570: 00000000             ori.b    #$0, d0
003574: 00000000             ori.b    #$0, d0
003578: 00000000             ori.b    #$0, d0
00357c: 00000000             ori.b    #$0, d0
003580: 00000000             ori.b    #$0, d0
003584: 00000000             ori.b    #$0, d0
003588: 00000000             ori.b    #$0, d0
00358c: 00000000             ori.b    #$0, d0
003590: 00000000             ori.b    #$0, d0
003594: 00000000             ori.b    #$0, d0
003598: 00000000             ori.b    #$0, d0
00359c: 00000000             ori.b    #$0, d0
0035a0: 00000000             ori.b    #$0, d0
0035a4: 00000000             ori.b    #$0, d0
0035a8: 00000000             ori.b    #$0, d0
0035ac: 00000000             ori.b    #$0, d0
0035b0: 00000000             ori.b    #$0, d0
0035b4: 00000000             ori.b    #$0, d0
0035b8: 00000000             ori.b    #$0, d0
0035bc: 00000000             ori.b    #$0, d0
0035c0: 00000000             ori.b    #$0, d0
0035c4: 00000000             ori.b    #$0, d0
0035c8: 00000000             ori.b    #$0, d0
0035cc: 00000000             ori.b    #$0, d0
0035d0: 00000000             ori.b    #$0, d0
0035d4: 00000000             ori.b    #$0, d0
0035d8: 00000000             ori.b    #$0, d0
0035dc: 00000000             ori.b    #$0, d0
0035e0: 00000000             ori.b    #$0, d0
0035e4: 00000000             ori.b    #$0, d0
0035e8: 00000000             ori.b    #$0, d0
0035ec: 00000000             ori.b    #$0, d0
0035f0: 00000000             ori.b    #$0, d0
0035f4: 00000000             ori.b    #$0, d0
0035f8: 00000000             ori.b    #$0, d0
0035fc: 00000000             ori.b    #$0, d0
003600: 00000000             ori.b    #$0, d0
003604: 00000000             ori.b    #$0, d0
003608: 00000000             ori.b    #$0, d0
00360c: 00000000             ori.b    #$0, d0
003610: 00000000             ori.b    #$0, d0
003614: 00000000             ori.b    #$0, d0
003618: 00000000             ori.b    #$0, d0
00361c: 00000000             ori.b    #$0, d0
003620: 00000000             ori.b    #$0, d0
003624: 00000000             ori.b    #$0, d0
003628: 00000000             ori.b    #$0, d0
00362c: 00000000             ori.b    #$0, d0
003630: 00000000             ori.b    #$0, d0
003634: 00000000             ori.b    #$0, d0
003638: 00000000             ori.b    #$0, d0
00363c: 00000000             ori.b    #$0, d0
003640: 00000000             ori.b    #$0, d0
003644: 00000000             ori.b    #$0, d0
003648: 00000000             ori.b    #$0, d0
00364c: 00000000             ori.b    #$0, d0
003650: 00000000             ori.b    #$0, d0
003654: 00000000             ori.b    #$0, d0
003658: 00000000             ori.b    #$0, d0
00365c: 00000000             ori.b    #$0, d0
003660: 00000000             ori.b    #$0, d0
003664: 00000000             ori.b    #$0, d0
003668: 00000000             ori.b    #$0, d0
00366c: 00000000             ori.b    #$0, d0
003670: 00000000             ori.b    #$0, d0
003674: 00000000             ori.b    #$0, d0
003678: 00000000             ori.b    #$0, d0
00367c: 00000000             ori.b    #$0, d0
003680: 00000000             ori.b    #$0, d0
003684: 00000000             ori.b    #$0, d0
003688: 00000000             ori.b    #$0, d0
00368c: 00000000             ori.b    #$0, d0
003690: 00000000             ori.b    #$0, d0
003694: 00000000             ori.b    #$0, d0
003698: 00000000             ori.b    #$0, d0
00369c: 00000000             ori.b    #$0, d0
0036a0: 00000000             ori.b    #$0, d0
0036a4: 00000000             ori.b    #$0, d0
0036a8: 00000000             ori.b    #$0, d0
0036ac: 00000000             ori.b    #$0, d0
0036b0: 00000000             ori.b    #$0, d0
0036b4: 00000000             ori.b    #$0, d0
0036b8: 00000000             ori.b    #$0, d0
0036bc: 00000000             ori.b    #$0, d0
0036c0: 00000000             ori.b    #$0, d0
0036c4: 00000000             ori.b    #$0, d0
0036c8: 00000000             ori.b    #$0, d0
0036cc: 00000000             ori.b    #$0, d0
0036d0: 00000000             ori.b    #$0, d0
0036d4: 00000000             ori.b    #$0, d0
0036d8: 00000000             ori.b    #$0, d0
0036dc: 00000000             ori.b    #$0, d0
0036e0: 00000000             ori.b    #$0, d0
0036e4: 00000000             ori.b    #$0, d0
0036e8: 00000000             ori.b    #$0, d0
0036ec: 00000000             ori.b    #$0, d0
0036f0: 00000000             ori.b    #$0, d0
0036f4: 00000000             ori.b    #$0, d0
0036f8: 00000000             ori.b    #$0, d0
0036fc: 00000000             ori.b    #$0, d0
003700: 00000000             ori.b    #$0, d0
003704: 00000000             ori.b    #$0, d0
003708: 00000000             ori.b    #$0, d0
00370c: 00000000             ori.b    #$0, d0
003710: 00000000             ori.b    #$0, d0
003714: 00000000             ori.b    #$0, d0
003718: 00000000             ori.b    #$0, d0
00371c: 00000000             ori.b    #$0, d0
003720: 00000000             ori.b    #$0, d0
003724: 00000000             ori.b    #$0, d0
003728: 00000000             ori.b    #$0, d0
00372c: 00000000             ori.b    #$0, d0
003730: 00000000             ori.b    #$0, d0
003734: 00000000             ori.b    #$0, d0
003738: 00000000             ori.b    #$0, d0
00373c: 00000000             ori.b    #$0, d0
003740: 00000000             ori.b    #$0, d0
003744: 00000000             ori.b    #$0, d0
003748: 00000000             ori.b    #$0, d0
00374c: 00000000             ori.b    #$0, d0
003750: 00000000             ori.b    #$0, d0
003754: 00000000             ori.b    #$0, d0
003758: 00000000             ori.b    #$0, d0
00375c: 00000000             ori.b    #$0, d0
003760: 00000000             ori.b    #$0, d0
003764: 00000000             ori.b    #$0, d0
003768: 00000000             ori.b    #$0, d0
00376c: 00000000             ori.b    #$0, d0
003770: 00000000             ori.b    #$0, d0
003774: 00000000             ori.b    #$0, d0
003778: 00000000             ori.b    #$0, d0
00377c: 00000000             ori.b    #$0, d0
003780: 00000000             ori.b    #$0, d0
003784: 00000000             ori.b    #$0, d0
003788: 00000000             ori.b    #$0, d0
00378c: 00000000             ori.b    #$0, d0
003790: 00000000             ori.b    #$0, d0
003794: 00000000             ori.b    #$0, d0
003798: 00000000             ori.b    #$0, d0
00379c: 00000000             ori.b    #$0, d0
0037a0: 00000000             ori.b    #$0, d0
0037a4: 00000000             ori.b    #$0, d0
0037a8: 00000000             ori.b    #$0, d0
0037ac: 00000000             ori.b    #$0, d0
0037b0: 00000000             ori.b    #$0, d0
0037b4: 00000000             ori.b    #$0, d0
0037b8: 00000000             ori.b    #$0, d0
0037bc: 00000000             ori.b    #$0, d0
0037c0: 00000000             ori.b    #$0, d0
0037c4: 00000000             ori.b    #$0, d0
0037c8: 00000000             ori.b    #$0, d0
0037cc: 00000000             ori.b    #$0, d0
0037d0: 00000000             ori.b    #$0, d0
0037d4: 00000000             ori.b    #$0, d0
0037d8: 00000000             ori.b    #$0, d0
0037dc: 00000000             ori.b    #$0, d0
0037e0: 00000000             ori.b    #$0, d0
0037e4: 00000000             ori.b    #$0, d0
0037e8: 00000000             ori.b    #$0, d0
0037ec: 00000000             ori.b    #$0, d0
0037f0: 00000000             ori.b    #$0, d0
0037f4: 00000000             ori.b    #$0, d0
0037f8: 00000000             ori.b    #$0, d0
0037fc: 00000000             ori.b    #$0, d0
003800: 00000000             ori.b    #$0, d0
003804: 00000000             ori.b    #$0, d0
003808: 00000000             ori.b    #$0, d0
00380c: 00000000             ori.b    #$0, d0
003810: 00000000             ori.b    #$0, d0
003814: 00000000             ori.b    #$0, d0
003818: 00000000             ori.b    #$0, d0
00381c: 00000000             ori.b    #$0, d0
003820: 00000000             ori.b    #$0, d0
003824: 00000000             ori.b    #$0, d0
003828: 00000000             ori.b    #$0, d0
00382c: 00000000             ori.b    #$0, d0
003830: 00000000             ori.b    #$0, d0
003834: 00000000             ori.b    #$0, d0
003838: 00000000             ori.b    #$0, d0
00383c: 00000000             ori.b    #$0, d0
003840: 00000000             ori.b    #$0, d0
003844: 00000000             ori.b    #$0, d0
003848: 00000000             ori.b    #$0, d0
00384c: 00000000             ori.b    #$0, d0
003850: 00000000             ori.b    #$0, d0
003854: 00000000             ori.b    #$0, d0
003858: 00000000             ori.b    #$0, d0
00385c: 00000000             ori.b    #$0, d0
003860: 00000000             ori.b    #$0, d0
003864: 00000000             ori.b    #$0, d0
003868: 00000000             ori.b    #$0, d0
00386c: 00000000             ori.b    #$0, d0
003870: 00000000             ori.b    #$0, d0
003874: 00000000             ori.b    #$0, d0
003878: 00000000             ori.b    #$0, d0
00387c: 00000000             ori.b    #$0, d0
003880: 00000000             ori.b    #$0, d0
003884: 00000000             ori.b    #$0, d0
003888: 00000000             ori.b    #$0, d0
00388c: 00000000             ori.b    #$0, d0
003890: 00000000             ori.b    #$0, d0
003894: 00000000             ori.b    #$0, d0
003898: 00000000             ori.b    #$0, d0
00389c: 00000000             ori.b    #$0, d0
0038a0: 00000000             ori.b    #$0, d0
0038a4: 00000000             ori.b    #$0, d0
0038a8: 00000000             ori.b    #$0, d0
0038ac: 00000000             ori.b    #$0, d0
0038b0: 00000000             ori.b    #$0, d0
0038b4: 00000000             ori.b    #$0, d0
0038b8: 00000000             ori.b    #$0, d0
0038bc: 00000000             ori.b    #$0, d0
0038c0: 00000000             ori.b    #$0, d0
0038c4: 00000000             ori.b    #$0, d0
0038c8: 00000000             ori.b    #$0, d0
0038cc: 00000000             ori.b    #$0, d0
0038d0: 00000000             ori.b    #$0, d0
0038d4: 00000000             ori.b    #$0, d0
0038d8: 00000000             ori.b    #$0, d0
0038dc: 00000000             ori.b    #$0, d0
0038e0: 00000000             ori.b    #$0, d0
0038e4: 00000000             ori.b    #$0, d0
0038e8: 00000000             ori.b    #$0, d0
0038ec: 00000000             ori.b    #$0, d0
0038f0: 00000000             ori.b    #$0, d0
0038f4: 00000000             ori.b    #$0, d0
0038f8: 00000000             ori.b    #$0, d0
0038fc: 00000000             ori.b    #$0, d0
003900: 00000000             ori.b    #$0, d0
003904: 00000000             ori.b    #$0, d0
003908: 00000000             ori.b    #$0, d0
00390c: 00000000             ori.b    #$0, d0
003910: 00000000             ori.b    #$0, d0
003914: 00000000             ori.b    #$0, d0
003918: 00000000             ori.b    #$0, d0
00391c: 00000000             ori.b    #$0, d0
003920: 00000000             ori.b    #$0, d0
003924: 00000000             ori.b    #$0, d0
003928: 00000000             ori.b    #$0, d0
00392c: 00000000             ori.b    #$0, d0
003930: 00000000             ori.b    #$0, d0
003934: 00000000             ori.b    #$0, d0
003938: 00000000             ori.b    #$0, d0
00393c: 00000000             ori.b    #$0, d0
003940: 00000000             ori.b    #$0, d0
003944: 00000000             ori.b    #$0, d0
003948: 00000000             ori.b    #$0, d0
00394c: 00000000             ori.b    #$0, d0
003950: 00000000             ori.b    #$0, d0
003954: 00000000             ori.b    #$0, d0
003958: 00000000             ori.b    #$0, d0
00395c: 00000000             ori.b    #$0, d0
003960: 00000000             ori.b    #$0, d0
003964: 00000000             ori.b    #$0, d0
003968: 00000000             ori.b    #$0, d0
00396c: 00000000             ori.b    #$0, d0
003970: 00000000             ori.b    #$0, d0
003974: 00000000             ori.b    #$0, d0
003978: 00000000             ori.b    #$0, d0
00397c: 00000000             ori.b    #$0, d0
003980: 00000000             ori.b    #$0, d0
003984: 00000000             ori.b    #$0, d0
003988: 00000000             ori.b    #$0, d0
00398c: 00000000             ori.b    #$0, d0
003990: 00000000             ori.b    #$0, d0
003994: 00000000             ori.b    #$0, d0
003998: 00000000             ori.b    #$0, d0
00399c: 00000000             ori.b    #$0, d0
0039a0: 00000000             ori.b    #$0, d0
0039a4: 00000000             ori.b    #$0, d0
0039a8: 00000000             ori.b    #$0, d0
0039ac: 00000000             ori.b    #$0, d0
0039b0: 00000000             ori.b    #$0, d0
0039b4: 00000000             ori.b    #$0, d0
0039b8: 00000000             ori.b    #$0, d0
0039bc: 00000000             ori.b    #$0, d0
0039c0: 00000000             ori.b    #$0, d0
0039c4: 00000000             ori.b    #$0, d0
0039c8: 00000000             ori.b    #$0, d0
0039cc: 00000000             ori.b    #$0, d0
0039d0: 00000000             ori.b    #$0, d0
0039d4: 00000000             ori.b    #$0, d0
0039d8: 00000000             ori.b    #$0, d0
0039dc: 00000000             ori.b    #$0, d0
0039e0: 00000000             ori.b    #$0, d0
0039e4: 00000000             ori.b    #$0, d0
0039e8: 00000000             ori.b    #$0, d0
0039ec: 00000000             ori.b    #$0, d0
0039f0: 00000000             ori.b    #$0, d0
0039f4: 00000000             ori.b    #$0, d0
0039f8: 00000000             ori.b    #$0, d0
0039fc: 00000000             ori.b    #$0, d0
003a00: 00000000             ori.b    #$0, d0
003a04: 00000000             ori.b    #$0, d0
003a08: 00000000             ori.b    #$0, d0
003a0c: 00000000             ori.b    #$0, d0
003a10: 00000000             ori.b    #$0, d0
003a14: 00000000             ori.b    #$0, d0
003a18: 00000000             ori.b    #$0, d0
003a1c: 00000000             ori.b    #$0, d0
003a20: 00000000             ori.b    #$0, d0
003a24: 00000000             ori.b    #$0, d0
003a28: 00000000             ori.b    #$0, d0
003a2c: 00000000             ori.b    #$0, d0
003a30: 00000000             ori.b    #$0, d0
003a34: 00000000             ori.b    #$0, d0
003a38: 00000000             ori.b    #$0, d0
003a3c: 00000000             ori.b    #$0, d0
003a40: 00000000             ori.b    #$0, d0
003a44: 00000000             ori.b    #$0, d0
003a48: 00000000             ori.b    #$0, d0
003a4c: 00000000             ori.b    #$0, d0
003a50: 00000000             ori.b    #$0, d0
003a54: 00000000             ori.b    #$0, d0
003a58: 00000000             ori.b    #$0, d0
003a5c: 00000000             ori.b    #$0, d0
003a60: 00000000             ori.b    #$0, d0
003a64: 00000000             ori.b    #$0, d0
003a68: 00000000             ori.b    #$0, d0
003a6c: 00000000             ori.b    #$0, d0
003a70: 00000000             ori.b    #$0, d0
003a74: 00000000             ori.b    #$0, d0
003a78: 00000000             ori.b    #$0, d0
003a7c: 00000000             ori.b    #$0, d0
003a80: 00000000             ori.b    #$0, d0
003a84: 00000000             ori.b    #$0, d0
003a88: 00000000             ori.b    #$0, d0
003a8c: 00000000             ori.b    #$0, d0
003a90: 00000000             ori.b    #$0, d0
003a94: 00000000             ori.b    #$0, d0
003a98: 00000000             ori.b    #$0, d0
003a9c: 00000000             ori.b    #$0, d0
003aa0: 00000000             ori.b    #$0, d0
003aa4: 00000000             ori.b    #$0, d0
003aa8: 00000000             ori.b    #$0, d0
003aac: 00000000             ori.b    #$0, d0
003ab0: 00000000             ori.b    #$0, d0
003ab4: 00000000             ori.b    #$0, d0
003ab8: 00000000             ori.b    #$0, d0
003abc: 00000000             ori.b    #$0, d0
003ac0: 00000000             ori.b    #$0, d0
003ac4: 00000000             ori.b    #$0, d0
003ac8: 00000000             ori.b    #$0, d0
003acc: 00000000             ori.b    #$0, d0
003ad0: 00000000             ori.b    #$0, d0
003ad4: 00000000             ori.b    #$0, d0
003ad8: 00000000             ori.b    #$0, d0
003adc: 00000000             ori.b    #$0, d0
003ae0: 00000000             ori.b    #$0, d0
003ae4: 00000000             ori.b    #$0, d0
003ae8: 00000000             ori.b    #$0, d0
003aec: 00000000             ori.b    #$0, d0
003af0: 00000000             ori.b    #$0, d0
003af4: 00000000             ori.b    #$0, d0
003af8: 00000000             ori.b    #$0, d0
003afc: 00000000             ori.b    #$0, d0
003b00: 00000000             ori.b    #$0, d0
003b04: 00000000             ori.b    #$0, d0
003b08: 00000000             ori.b    #$0, d0
003b0c: 00000000             ori.b    #$0, d0
003b10: 00000000             ori.b    #$0, d0
003b14: 00000000             ori.b    #$0, d0
003b18: 00000000             ori.b    #$0, d0
003b1c: 00000000             ori.b    #$0, d0
003b20: 00000000             ori.b    #$0, d0
003b24: 00000000             ori.b    #$0, d0
003b28: 00000000             ori.b    #$0, d0
003b2c: 00000000             ori.b    #$0, d0
003b30: 00000000             ori.b    #$0, d0
003b34: 00000000             ori.b    #$0, d0
003b38: 00000000             ori.b    #$0, d0
003b3c: 00000000             ori.b    #$0, d0
003b40: 00000000             ori.b    #$0, d0
003b44: 00000000             ori.b    #$0, d0
003b48: 00000000             ori.b    #$0, d0
003b4c: 00000000             ori.b    #$0, d0
003b50: 00000000             ori.b    #$0, d0
003b54: 00000000             ori.b    #$0, d0
003b58: 00000000             ori.b    #$0, d0
003b5c: 00000000             ori.b    #$0, d0
003b60: 00000000             ori.b    #$0, d0
003b64: 00000000             ori.b    #$0, d0
003b68: 00000000             ori.b    #$0, d0
003b6c: 00000000             ori.b    #$0, d0
003b70: 00000000             ori.b    #$0, d0
003b74: 00000000             ori.b    #$0, d0
003b78: 00000000             ori.b    #$0, d0
003b7c: 00000000             ori.b    #$0, d0
003b80: 00000000             ori.b    #$0, d0
003b84: 00000000             ori.b    #$0, d0
003b88: 00000000             ori.b    #$0, d0
003b8c: 00000000             ori.b    #$0, d0
003b90: 00000000             ori.b    #$0, d0
003b94: 00000000             ori.b    #$0, d0
003b98: 00000000             ori.b    #$0, d0
003b9c: 00000000             ori.b    #$0, d0
003ba0: 00000000             ori.b    #$0, d0
003ba4: 610000e4             bsr.w    $3c8a
003ba8: 4cf9000f00003d74     movem.l  $3d74.l, d0-d3
003bb0: 48f9000f00003394     movem.l  d0-d3, $3394.l
003bb8: 6100c45a             bsr.w    $14
003bbc: 61000170             bsr.w    $3d2e
003bc0: 4e75                 rts      
003bc2: 610000c6             bsr.w    $3c8a
003bc6: 4cf9000f00003d74     movem.l  $3d74.l, d0-d3
003bce: 48f9000f00003394     movem.l  d0-d3, $3394.l
003bd6: 6100c5aa             bsr.w    $182
003bda: 6100c63e             bsr.w    $21a
003bde: 423900000062         clr.b    $62.l
003be4: 6100c77e             bsr.w    $364
003be8: 4df900000062         lea.l    $62.l, a6
003bee: 4e75                 rts      
003bf0: 6100c930             bsr.w    $522
003bf4: 6100c666             bsr.w    $25c
003bf8: 61000134             bsr.w    $3d2e
003bfc: 4e75                 rts      
003bfe: 0c500046             cmpi.w   #$46, (a0)
003c02: 67000038             beq.w    $3c3c
003c06: 0c500056             cmpi.w   #$56, (a0)
003c0a: 66000020             bne.w    $3c2c
003c0e: 20280008             move.l   $8(a0), d0
003c12: 4281                 clr.l    d1
003c14: 43f900003d84         lea.l    $3d84.l, a1
003c1a: b0b11800             cmp.l    (a1, d1.l), d0
003c1e: 67000008             beq.w    $3c28
003c22: 5881                 addq.l   #$4, d1
003c24: 6000fff4             bra.w    $3c1a
003c28: 21410008             move.l   d1, $8(a0)
003c2c: 0c500046             cmpi.w   #$46, (a0)
003c30: 67000006             beq.w    $3c38
003c34: d0fc000c             adda.w   #$c, a0
003c38: 6000ffc4             bra.w    $3bfe
003c3c: 4e75                 rts      
003c3e: 0c500046             cmpi.w   #$46, (a0)
003c42: 67000044             beq.w    $3c88
003c46: 0c500056             cmpi.w   #$56, (a0)
003c4a: 6600002c             bne.w    $3c78
003c4e: 20280008             move.l   $8(a0), d0
003c52: 43f900003d84         lea.l    $3d84.l, a1
003c58: 217108000008         move.l   (a1, d0.l), $8(a0)
003c5e: 203900000010         move.l   $10.l, d0
003c64: 068000000008         addi.l   #$8, d0
003c6a: b0a80008             cmp.l    $8(a0), d0
003c6e: 66000008             bne.w    $3c78
003c72: 216900000008         move.l   $0(a1), $8(a0)
003c78: 0c500046             cmpi.w   #$46, (a0)
003c7c: 67000006             beq.w    $3c84
003c80: d0fc000c             adda.w   #$c, a0
003c84: 6000ffb8             bra.w    $3c3e
003c88: 4e75                 rts      
003c8a: 2a7900000010         movea.l  $10.l, a5
003c90: dafc008e             adda.w   #$8e, a5
003c94: 49f900003d84         lea.l    $3d84.l, a4
003c9a: 7013                 moveq    #$13, d0
003c9c: 221d                 move.l   (a5)+, d1
003c9e: d2b900000010         add.l    $10.l, d1
003ca4: 068100000008         addi.l   #$8, d1
003caa: 28c1                 move.l   d1, (a4)+
003cac: 51c8ffee             dbra     d0, $3c9c
003cb0: 20790000000c         movea.l  $c.l, a0
003cb6: 3010                 move.w   (a0), d0
003cb8: 6100009e             bsr.w    $3d58
003cbc: d0fc0010             adda.w   #$10, a0
003cc0: 23c800003d74         move.l   a0, $3d74.l
003cc6: 61000046             bsr.w    $3d0e
003cca: 23c800003d78         move.l   a0, $3d78.l
003cd0: 6100003c             bsr.w    $3d0e
003cd4: 23c800003d7c         move.l   a0, $3d7c.l
003cda: 61000032             bsr.w    $3d0e
003cde: 23c800003d80         move.l   a0, $3d80.l
003ce4: 207900003d74         movea.l  $3d74.l, a0
003cea: 6100ff52             bsr.w    $3c3e
003cee: 207900003d78         movea.l  $3d78.l, a0
003cf4: 6100ff48             bsr.w    $3c3e
003cf8: 207900003d7c         movea.l  $3d7c.l, a0
003cfe: 6100ff3e             bsr.w    $3c3e
003d02: 207900003d80         movea.l  $3d80.l, a0
003d08: 6100ff34             bsr.w    $3c3e
003d0c: 4e75                 rts      
003d0e: 0c500046             cmpi.w   #$46, (a0)
003d12: 67000012             beq.w    $3d26
003d16: 0c500046             cmpi.w   #$46, (a0)
003d1a: 67000006             beq.w    $3d22
003d1e: d0fc000c             adda.w   #$c, a0
003d22: 6000ffea             bra.w    $3d0e
003d26: d1fc0000000c         adda.l   #$c, a0
003d2c: 4e75                 rts      
003d2e: 207900003d74         movea.l  $3d74.l, a0
003d34: 6100fec8             bsr.w    $3bfe
003d38: 207900003d78         movea.l  $3d78.l, a0
003d3e: 6100febe             bsr.w    $3bfe
003d42: 207900003d7c         movea.l  $3d7c.l, a0
003d48: 6100feb4             bsr.w    $3bfe
003d4c: 207900003d80         movea.l  $3d80.l, a0
003d52: 6100feaa             bsr.w    $3bfe
003d56: 4e75                 rts      
003d58: 13fb000400000520     move.b   $3d5e(pc, d0.w), $520.l
003d60: 4e75                 rts      
003d62: 987a6658             sub.w    $a3bc(pc), d4
003d66: 4c44                 .byte    0x4c, 0x44
003d68: 3d38332f             move.w   $332f.w, -(a6)
003d6c: 2c292624             move.l   $2624(a1), d6
003d70: 2220                 move.l   -(a0), d1
003d72: 1e00                 move.b   d0, d7
003d74: 00000000             ori.b    #$0, d0
003d78: 00000000             ori.b    #$0, d0
003d7c: 00000000             ori.b    #$0, d0
003d80: 00000000             ori.b    #$0, d0
003d84: 00000000             ori.b    #$0, d0
003d88: 00000000             ori.b    #$0, d0
003d8c: 00000000             ori.b    #$0, d0
003d90: 00000000             ori.b    #$0, d0
003d94: 00000000             ori.b    #$0, d0
003d98: 00000000             ori.b    #$0, d0
003d9c: 00000000             ori.b    #$0, d0
003da0: 00000000             ori.b    #$0, d0
003da4: 00000000             ori.b    #$0, d0
003da8: 00000000             ori.b    #$0, d0
003dac: 00000000             ori.b    #$0, d0
003db0: 00000000             ori.b    #$0, d0
003db4: 00000000             ori.b    #$0, d0
003db8: 00000000             ori.b    #$0, d0
003dbc: 00000000             ori.b    #$0, d0
003dc0: 00000000             ori.b    #$0, d0
003dc4: 00000000             ori.b    #$0, d0
003dc8: 00000000             ori.b    #$0, d0
003dcc: 00000000             ori.b    #$0, d0
003dd0: 00000000             ori.b    #$0, d0
